order_item_id,order_id,product_id,quantity,unit_price
1,1,40,3,17.49
2,1,25,5,14.36
3,1,53,2,76.29
4,2,68,9,66.11
5,2,21,1,108.29
6,3,1,1,54.67
7,3,98,5,12.84
8,3,84,10,5.39
9,3,58,8,34.97
10,3,95,8,21.76
11,4,97,8,28.94
12,4,18,3,30.94
13,4,76,2,21.30
14,5,82,3,10.81
15,5,34,5,41.19
16,5,85,9,7.36
17,6,98,1,14.08
18,6,40,1,21.88
19,6,75,10,10.62
20,6,47,4,12.54
21,6,84,5,4.99
22,6,87,8,9.99
23,7,80,2,35.72
24,7,40,4,21.89
25,8,47,10,13.01
26,9,75,10,12.23
27,9,5,10,50.37
28,10,66,3,28.26
29,10,53,4,73.98
30,11,65,9,21.50
31,11,69,2,30.42
32,11,54,5,48.84
33,12,40,6,18.95
34,12,17,6,176.74
35,12,98,3,14.23
36,12,68,8,79.15
37,13,72,7,33.53
38,13,40,6,16.50
39,13,3,6,184.09
40,13,61,8,43.81
41,14,40,1,18.19
42,14,97,7,24.21
43,14,43,3,58.32
44,14,79,2,25.42
45,15,98,6,12.88
46,15,3,9,224.99
47,15,18,1,28.83
48,15,58,6,36.01
49,15,62,3,40.27
50,16,40,9,18.64
51,16,42,1,103.63
52,16,43,1,54.58
53,16,76,9,19.91
54,16,24,7,125.90
55,17,40,1,20.30
56,17,65,2,19.35
57,17,3,7,218.75
58,17,5,3,54.91
59,18,10,9,11.91
60,18,74,3,9.95
61,18,80,10,34.44
62,18,55,4,37.69
63,18,89,5,6.58
64,18,91,7,58.66
65,19,98,7,13.72
66,19,40,2,17.90
67,19,12,7,95.85
68,19,82,8,12.73
69,19,50,9,100.01
70,20,2,2,79.23
71,20,36,10,14.43
72,20,42,7,111.00
73,20,43,8,69.42
74,20,54,10,51.40
75,21,67,2,56.70
76,22,58,8,32.49
77,23,38,4,32.06
78,23,77,8,30.61
79,23,52,5,10.42
80,23,21,3,107.84
81,23,63,10,17.30
82,24,1,6,50.19
83,24,72,4,42.19
84,24,46,8,20.36
85,24,82,2,12.55
86,24,84,7,5.36
87,25,2,7,68.55
88,25,10,9,14.01
89,25,18,9,33.30
90,25,89,1,5.80
91,25,58,7,33.50
92,25,31,5,40.81
93,26,70,6,90.46
94,26,40,5,19.28
95,26,25,4,15.25
96,26,58,3,40.73
97,26,93,8,46.97
98,27,40,8,17.22
99,28,100,4,22.63
100,29,72,1,34.88
101,29,58,10,37.21
102,30,8,6,46.54
103,30,66,4,28.02
104,31,40,6,20.55
105,31,97,7,26.79
106,31,47,9,14.84
107,32,32,10,30.18
108,32,33,9,24.99
109,32,67,7,61.52
110,32,13,10,49.90
111,32,60,10,17.02
112,33,33,8,25.36
113,33,34,6,45.96
114,33,98,1,11.61
115,33,1,8,43.80
116,33,63,8,19.79
117,33,95,9,20.43
118,34,36,7,14.16
119,35,98,5,15.28
120,35,40,7,20.44
121,35,52,8,11.52
122,35,87,5,10.71
123,35,58,9,37.89
124,35,93,6,59.18
125,36,42,6,95.49
126,36,3,4,213.44
127,37,98,1,14.44
128,37,100,6,24.24
129,37,42,1,97.31
130,37,58,6,36.77
131,37,29,6,41.91
132,38,40,8,20.05
133,38,2,5,75.57
134,38,55,1,32.04
135,39,65,8,20.79
136,39,98,9,14.45
137,39,100,1,29.42
138,39,86,10,7.53
139,39,89,3,6.70
140,40,7,1,76.90
141,40,46,9,20.31
142,40,81,4,16.16
143,40,18,1,35.08
144,40,87,6,9.56
145,40,89,3,6.70
146,41,2,1,82.22
147,41,68,9,62.85
148,41,42,5,85.78
149,41,77,8,30.89
150,41,46,10,18.47
151,42,72,1,38.42
152,42,46,9,20.29
153,43,18,8,29.07
154,43,51,2,19.19
155,43,86,2,7.07
156,44,40,3,16.26
157,44,64,4,33.01
158,45,67,4,67.46
159,45,38,3,33.85
160,45,42,7,90.74
161,45,10,3,14.94
162,45,77,10,33.08
163,45,86,4,7.40
164,46,40,5,22.06
165,46,32,5,35.69
166,47,54,6,54.93
167,48,98,10,11.94
168,48,26,7,12.98
169,48,72,5,35.06
170,48,86,9,7.13
171,48,58,5,36.38
172,48,60,4,14.34
173,49,40,3,19.26
174,49,33,8,28.35
175,49,97,6,26.48
176,50,65,1,23.28
177,50,4,8,20.68
178,50,42,2,91.48
179,50,74,6,8.68
180,50,60,8,15.47
181,51,3,7,194.98
182,51,50,4,106.42
183,51,86,6,7.24
184,51,60,8,17.00
185,51,30,5,31.33
186,52,98,9,14.99
187,53,46,10,23.44
188,54,24,9,148.38
189,54,25,10,13.92
190,54,40,3,20.69
191,54,60,1,17.32
192,55,40,6,20.77
193,56,32,5,30.11
194,56,50,4,93.09
195,56,43,7,71.17
196,56,68,4,63.43
197,57,70,8,79.29
198,57,87,2,9.00
199,58,33,8,27.46
200,58,58,2,38.13
201,58,43,6,61.67
202,58,52,3,12.24
203,59,80,7,38.54
204,59,84,6,4.78
205,59,86,10,7.83
206,59,95,10,18.38
207,60,42,1,91.64
208,60,84,7,4.90
209,61,68,4,64.53
210,62,33,6,27.99
211,63,40,1,21.11
212,63,42,7,89.24
213,63,68,7,65.48
214,63,47,2,13.80
215,64,40,1,18.58
216,64,80,3,35.25
217,64,68,7,74.57
218,64,85,1,7.91
219,65,68,2,71.13
220,65,69,8,31.61
221,65,46,8,21.59
222,65,7,9,78.64
223,66,16,2,39.39
224,66,29,6,42.76
225,66,47,10,14.90
226,67,79,1,24.78
227,67,86,1,7.77
228,67,31,8,31.07
229,68,72,5,34.95
230,68,42,1,104.65
231,68,93,3,53.25
232,68,38,7,29.35
233,69,48,1,58.84
234,70,43,3,64.65
235,70,16,8,39.01
236,70,80,5,38.62
237,70,58,8,34.05
238,70,28,4,81.87
239,71,5,2,57.51
240,71,40,2,18.45
241,71,77,5,33.74
242,71,86,1,7.66
243,71,59,5,10.58
244,71,62,2,42.61
245,72,100,9,27.80
246,72,98,4,14.89
247,72,59,1,12.47
248,72,84,8,4.54
249,73,83,3,2.65
250,73,47,1,12.13
251,74,1,3,53.88
252,74,33,8,26.54
253,74,40,6,19.76
254,74,43,4,55.81
255,74,29,6,40.75
256,75,8,8,44.29
257,75,40,10,19.69
258,76,40,8,18.07
259,76,58,8,31.86
260,76,52,3,10.27
261,77,68,2,84.01
262,77,10,9,12.74
263,77,42,5,92.53
264,77,45,8,22.96
265,77,53,1,69.73
266,77,59,10,10.47
267,78,64,1,29.44
268,78,58,5,38.64
269,79,98,7,11.80
270,79,100,2,24.43
271,79,42,3,98.68
272,79,82,7,13.93
273,79,58,6,36.36
274,80,61,6,42.51
275,80,46,6,22.46
276,81,43,8,70.53
277,81,50,3,95.69
278,81,54,1,51.91
279,81,89,6,6.02
280,81,58,3,38.77
281,82,98,3,13.90
282,82,66,9,27.86
283,82,68,10,84.33
284,82,42,7,98.67
285,82,46,6,24.61
286,82,95,3,22.36
287,83,64,7,33.02
288,83,98,4,13.62
289,83,3,3,221.09
290,83,70,4,81.46
291,83,61,4,40.45
292,84,8,8,42.53
293,84,18,10,30.75
294,84,4,4,22.77
295,85,98,10,11.75
296,85,55,3,38.19
297,86,50,1,90.60
298,86,98,7,14.16
299,87,100,2,28.65
300,87,40,10,20.47
301,87,9,9,43.70
302,87,46,8,23.04
303,87,89,1,5.92
304,88,5,9,50.68
305,88,86,8,8.18
306,88,79,2,24.57
307,89,22,10,15.84
308,90,77,6,34.06
309,91,97,2,23.41
310,91,84,2,4.48
311,92,40,8,17.92
312,92,36,8,13.87
313,92,54,10,56.98
314,92,95,1,20.08
315,93,40,6,17.47
316,93,22,5,17.46
317,94,24,8,142.85
318,94,98,3,14.13
319,94,66,3,29.00
320,95,89,4,5.50
321,95,62,4,33.89
322,96,100,10,26.02
323,96,40,6,21.58
324,96,77,10,37.17
325,96,82,6,13.88
326,96,60,7,16.59
327,97,89,2,6.27
328,97,42,5,91.72
329,97,68,3,66.10
330,97,53,2,61.46
331,98,2,9,85.94
332,98,66,4,30.31
333,98,82,1,11.95
334,98,55,2,33.40
335,98,59,9,13.43
336,98,31,9,30.46
337,99,10,4,14.13
338,99,48,3,58.01
339,99,84,4,5.01
340,99,87,8,9.22
341,99,58,10,32.15
342,100,58,2,39.53
343,100,12,3,118.54
344,100,30,1,29.87
345,101,34,8,42.15
346,101,60,1,14.38
347,102,10,8,13.77
348,102,84,9,4.28
349,102,53,10,67.96
350,103,40,8,20.49
351,103,2,4,84.92
352,103,95,10,22.22
353,103,47,1,14.11
354,104,82,9,11.22
355,104,61,5,44.84
356,104,54,5,61.24
357,105,40,5,19.53
358,105,89,2,6.19
359,105,38,3,36.13
360,106,56,7,21.85
361,106,1,2,52.18
362,106,94,8,22.33
363,106,54,9,50.93
364,107,16,5,33.32
365,107,30,6,29.68
366,108,33,4,26.99
367,108,98,3,14.52
368,108,69,10,34.01
369,108,70,6,86.80
370,108,52,8,12.94
371,109,34,6,45.44
372,109,98,6,11.89
373,109,40,6,20.53
374,109,46,7,21.23
375,109,79,7,25.64
376,109,60,7,13.90
377,110,98,3,12.78
378,111,33,5,30.53
379,111,2,1,86.28
380,111,84,7,4.46
381,111,74,9,9.10
382,112,32,8,31.74
383,112,33,10,32.56
384,112,36,1,14.51
385,112,16,7,39.64
386,112,55,8,36.55
387,112,89,10,5.49
388,113,98,3,11.75
389,113,67,2,67.07
390,113,40,7,18.10
391,113,42,3,106.40
392,113,13,10,54.22
393,114,58,9,33.85
394,114,47,5,14.14
395,115,3,6,217.05
396,115,40,6,21.93
397,115,9,8,47.10
398,115,84,4,5.10
399,115,58,8,32.23
400,116,40,5,20.24
401,116,50,1,99.02
402,117,18,8,32.35
403,117,46,9,23.61
404,118,97,1,25.87
405,119,4,2,23.73
406,119,47,10,14.02
407,119,84,9,4.12
408,119,54,9,58.35
409,119,55,9,30.78
410,120,60,4,16.31
411,121,84,5,4.63
412,122,81,10,15.04
413,122,49,9,10.16
414,122,91,7,58.60
415,122,68,7,81.81
416,123,64,10,33.64
417,123,2,6,82.38
418,123,40,4,19.36
419,123,42,10,104.75
420,123,22,10,19.42
421,124,30,2,27.87
422,124,22,10,14.56
423,125,84,2,4.79
424,126,89,3,5.40
425,126,98,5,13.07
426,126,68,4,66.71
427,127,91,7,47.41
428,127,3,4,169.24
429,127,98,8,12.89
430,128,32,3,29.27
431,128,42,10,96.72
432,128,43,2,68.48
433,128,86,4,7.02
434,129,98,6,14.41
435,130,33,8,28.65
436,130,100,7,22.72
437,130,12,7,115.13
438,130,46,2,24.72
439,130,53,5,63.06
440,130,55,7,38.17
441,131,67,5,68.40
442,131,100,6,28.76
443,131,40,4,16.41
444,131,42,1,86.69
445,131,11,3,56.57
446,131,52,8,10.02
447,132,8,5,45.48
448,133,46,9,19.36
449,133,86,3,9.01
450,133,63,2,19.40
451,134,32,6,32.57
452,134,3,5,224.78
453,135,4,1,26.21
454,135,40,10,19.40
455,135,84,3,5.06
456,135,90,1,6.69
457,135,93,4,50.03
458,136,46,8,18.62
459,137,89,1,6.15
460,137,98,8,12.60
461,137,19,5,92.99
462,137,58,9,31.59
463,138,98,10,13.36
464,138,12,4,94.98
465,138,69,3,30.75
466,139,82,5,13.35
467,139,68,2,81.76
468,140,34,6,43.17
469,140,29,8,51.26
470,141,99,1,28.40
471,141,40,7,20.66
472,141,42,4,100.54
473,141,57,1,17.44
474,141,60,1,14.62
475,141,95,4,23.90
476,142,2,6,77.61
477,142,43,10,57.64
478,143,64,5,26.60
479,143,49,9,11.23
480,143,58,6,40.59
481,143,33,3,33.06
482,144,40,2,18.90
483,144,90,6,7.90
484,144,84,5,5.12
485,145,84,1,4.62
486,146,34,6,38.45
487,146,16,7,34.19
488,146,18,2,34.00
489,146,50,9,123.11
490,146,58,9,32.21
491,147,21,4,108.96
492,147,70,6,88.65
493,148,84,4,4.53
494,148,23,9,59.70
495,148,89,3,5.33
496,148,58,3,31.28
497,148,61,10,47.00
498,149,82,10,11.12
499,149,87,4,9.85
500,150,98,9,12.93
501,150,45,8,24.44
502,150,6,3,110.36
503,151,1,1,56.65
504,151,98,3,14.47
505,151,38,3,27.87
506,151,40,4,20.76
507,151,58,3,34.57
508,151,62,7,41.66
509,152,98,2,15.06
510,152,40,10,20.53
511,152,9,3,47.62
512,152,86,3,7.13
513,152,30,6,31.27
514,153,66,9,27.10
515,154,84,4,4.88
516,155,47,6,14.10
517,155,86,1,8.79
518,155,23,5,54.15
519,155,58,8,31.42
520,155,91,3,52.56
521,155,62,8,44.56
522,156,34,10,42.44
523,156,100,4,29.91
524,156,13,8,58.87
525,157,98,5,12.45
526,157,66,6,28.12
527,157,40,5,18.68
528,157,77,2,40.98
529,157,46,8,18.26
530,157,89,8,5.47
531,158,60,8,14.41
532,158,68,10,74.25
533,159,89,2,5.22
534,159,5,2,53.60
535,159,69,4,35.12
536,159,62,10,38.07
537,160,76,8,18.08
538,160,5,9,53.56
539,160,86,7,6.71
540,160,68,7,80.06
541,161,65,8,17.75
542,161,33,5,31.73
543,161,40,6,18.31
544,161,46,4,20.57
545,161,29,1,44.68
546,161,95,5,20.41
547,162,33,6,29.00
548,162,84,6,5.09
549,163,89,10,5.64
550,163,87,4,10.21
551,164,77,6,37.12
552,164,13,3,54.75
553,164,86,4,8.49
554,165,40,6,18.78
555,165,89,3,6.44
556,165,53,2,62.39
557,166,60,9,17.51
558,166,95,9,20.22
559,167,10,7,15.87
560,167,75,3,12.83
561,167,12,9,112.22
562,167,28,3,73.70
563,167,63,2,22.96
564,168,100,1,26.33
565,168,40,3,17.62
566,168,11,5,67.49
567,168,86,4,6.68
568,168,59,4,12.99
569,168,93,4,48.32
570,169,33,10,24.25
571,169,2,8,77.67
572,169,68,9,70.89
573,169,36,4,16.95
574,170,57,7,17.07
575,170,43,6,68.93
576,170,60,5,18.05
577,170,30,6,29.02
578,171,40,4,16.95
579,171,98,10,14.65
580,172,97,8,29.73
581,172,12,2,106.23
582,173,34,5,37.51
583,173,98,1,13.71
584,173,40,8,18.92
585,173,74,7,9.62
586,173,86,3,6.78
587,174,58,1,36.46
588,175,8,5,39.61
589,175,75,1,11.80
590,175,52,8,12.07
591,176,33,9,28.14
592,176,74,5,10.23
593,176,99,10,30.27
594,176,98,9,14.66
595,177,40,10,16.18
596,177,70,6,70.91
597,177,58,2,36.78
598,177,22,9,17.73
599,178,80,3,35.48
600,178,82,8,10.64
601,178,61,6,48.33
602,178,38,7,27.32
603,179,72,3,40.88
604,179,74,6,8.40
605,179,42,7,86.69
606,179,52,8,12.66
607,179,85,5,6.50
608,180,32,2,33.08
609,180,40,1,19.31
610,180,10,1,15.71
611,180,68,1,83.95
612,181,1,10,55.81
613,181,98,2,12.87
614,181,3,4,227.72
615,181,42,8,100.68
616,181,25,4,13.84
617,181,58,2,41.17
618,182,97,3,23.15
619,182,75,8,12.69
620,182,91,1,45.84
621,182,60,2,18.74
622,182,61,5,49.45
623,182,94,2,22.39
624,183,25,4,13.44
625,183,60,10,17.01
626,183,70,8,93.52
627,184,34,4,45.22
628,184,40,1,20.94
629,184,42,8,92.20
630,184,48,10,69.02
631,184,17,9,146.90
632,184,58,6,31.17
633,185,67,4,52.98
634,185,40,7,17.91
635,185,74,7,9.34
636,185,82,1,10.85
637,185,58,6,35.70
638,186,40,1,20.28
639,186,42,1,97.36
640,186,84,2,4.26
641,186,53,10,62.07
642,186,55,10,37.20
643,187,98,6,12.91
644,187,3,1,228.25
645,187,6,7,122.88
646,187,40,9,20.60
647,187,26,9,15.86
648,188,33,3,28.19
649,188,5,6,58.83
650,188,70,4,71.43
651,189,33,2,25.92
652,189,2,1,88.54
653,189,67,6,67.51
654,189,98,7,15.44
655,190,42,3,82.64
656,190,86,10,8.10
657,191,98,5,15.26
658,191,70,1,80.20
659,191,39,7,11.17
660,191,40,4,18.42
661,191,75,8,12.70
662,191,95,1,19.93
663,192,5,8,46.71
664,192,72,9,31.80
665,192,9,5,39.49
666,192,17,7,192.39
667,192,18,5,31.17
668,192,84,10,4.41
669,193,16,2,40.82
670,193,18,8,34.02
671,193,86,9,7.11
672,194,51,4,19.34
673,195,86,2,7.07
674,196,42,8,103.78
675,196,47,1,13.45
676,197,33,6,32.62
677,197,98,5,14.92
678,197,40,6,21.71
679,197,84,1,4.67
680,197,59,3,11.35
681,197,30,9,33.84
682,198,34,6,42.75
683,199,3,9,177.77
684,199,40,1,21.97
685,199,77,2,31.19
686,199,47,9,12.68
687,199,87,3,8.55
688,199,61,6,48.27
689,200,5,1,44.18
690,200,70,7,84.20
691,200,95,2,23.45
692,201,83,1,2.50
693,201,4,8,24.27
694,202,68,10,77.06
695,202,40,8,17.65
696,202,49,3,10.64
697,202,82,6,12.31
698,202,63,5,18.50
699,203,98,5,13.11
700,203,39,8,10.19
701,203,42,9,93.79
702,203,80,7,43.87
703,203,81,6,15.33
704,203,24,7,130.70
705,204,49,6,10.58
706,204,50,7,101.42
707,204,93,9,46.46
708,204,98,4,12.15
709,205,68,7,73.96
710,205,95,5,20.76
711,205,90,3,6.83
712,205,31,9,34.95
713,205,30,5,31.08
714,205,63,10,22.85
715,206,24,9,138.71
716,206,33,8,27.96
717,206,58,4,30.41
718,206,6,3,107.47
719,207,99,10,33.41
720,207,84,4,5.15
721,207,70,6,73.46
722,208,81,10,17.99
723,208,83,1,2.48
724,208,53,2,69.77
725,208,38,1,27.29
726,209,40,6,16.68
727,210,82,2,11.73
728,210,98,6,12.82
729,211,40,3,17.10
730,211,48,2,56.17
731,211,85,10,7.54
732,211,28,9,75.06
733,211,95,8,21.97
734,212,98,3,14.48
735,212,68,8,81.60
736,212,72,3,35.44
737,212,48,10,68.15
738,212,22,6,18.14
739,212,95,10,24.55
740,213,98,6,15.46
741,213,29,3,41.53
742,213,59,7,12.21
743,213,93,2,59.46
744,213,94,4,22.75
745,214,98,10,11.35
746,214,40,3,18.66
747,214,11,5,61.37
748,214,75,5,10.42
749,214,84,1,5.45
750,214,61,3,44.93
751,215,68,5,77.47
752,216,40,10,21.41
753,216,100,10,22.67
754,216,4,7,19.66
755,216,68,8,65.95
756,217,40,7,22.15
757,217,73,6,288.31
758,217,42,6,85.31
759,217,56,9,26.00
760,218,40,2,21.66
761,218,54,6,58.77
762,219,3,2,178.77
763,219,36,4,13.05
764,219,18,2,36.38
765,219,83,1,2.08
766,219,94,6,21.15
767,220,65,10,21.94
768,220,98,3,11.80
769,220,40,2,17.34
770,220,9,2,37.62
771,220,60,4,13.89
772,221,10,9,13.24
773,221,6,4,100.66
774,222,99,3,27.55
775,222,69,2,30.68
776,222,40,4,17.20
777,222,89,9,5.51
778,222,61,4,46.15
779,222,30,2,31.53
780,223,40,3,22.14
781,223,30,10,28.67
782,224,40,6,18.72
783,224,61,9,48.43
784,224,55,5,29.13
785,225,8,10,44.57
786,225,82,7,13.50
787,225,40,8,16.62
788,226,98,6,14.13
789,227,97,6,26.34
790,227,98,8,13.19
791,227,73,5,284.87
792,227,84,6,5.12
793,227,61,4,45.73
794,228,60,8,15.71
795,228,5,6,58.63
796,229,49,7,11.55
797,229,50,3,122.55
798,229,21,7,109.35
799,229,95,3,24.96
800,230,42,3,85.88
801,230,95,1,19.68
802,230,86,3,7.59
803,230,47,4,12.11
804,231,55,9,30.78
805,232,34,3,40.23
806,232,77,1,35.42
807,232,53,2,63.03
808,233,98,10,14.27
809,234,57,8,13.79
810,234,21,5,84.81
811,234,54,6,55.82
812,235,40,3,20.30
813,235,42,8,92.54
814,235,58,8,30.86
815,235,61,4,43.23
816,235,62,6,36.17
817,235,63,6,21.47
818,236,97,3,23.29
819,236,98,10,15.36
820,236,40,4,22.01
821,236,84,10,5.04
822,236,58,4,32.82
823,236,60,8,16.41
824,237,40,7,21.47
825,238,64,10,30.16
826,238,10,5,15.81
827,239,48,5,68.36
828,240,65,8,22.99
829,240,38,5,32.01
830,240,7,8,84.33
831,240,40,10,22.10
832,240,22,4,19.19
833,240,87,4,11.12
834,241,40,4,19.19
835,241,8,7,45.33
836,241,61,1,47.93
837,241,58,4,33.51
838,241,93,1,46.64
839,242,68,2,78.89
840,243,51,9,22.94
841,243,22,8,15.26
842,243,95,2,23.38
843,244,50,10,100.02
844,244,62,1,35.15
845,244,31,6,31.09
846,245,3,6,194.94
847,245,42,6,93.34
848,245,52,1,11.71
849,245,21,6,104.77
850,245,86,10,8.02
851,246,93,3,45.17
852,247,8,4,47.29
853,247,9,6,36.38
854,247,58,6,41.14
855,247,22,6,14.85
856,248,54,9,54.36
857,249,43,8,70.29
858,249,67,5,53.42
859,249,86,1,7.18
860,249,23,9,58.83
861,250,6,4,123.55
862,251,33,9,31.92
863,251,34,7,38.75
864,251,5,7,56.58
865,251,23,5,47.72
866,252,9,1,37.81
867,252,3,10,180.77
868,252,76,6,18.38
869,252,46,10,22.95
870,253,56,1,21.65
871,253,43,10,72.33
872,253,86,9,7.31
873,254,56,6,25.15
874,254,24,5,130.14
875,254,32,5,32.45
876,255,56,3,23.60
877,255,3,7,174.72
878,255,68,4,79.86
879,255,61,10,40.81
880,256,69,10,31.83
881,256,6,5,125.22
882,256,41,1,29.47
883,256,82,4,11.74
884,256,86,6,8.67
885,256,93,7,47.67
886,257,99,4,29.82
887,257,40,2,16.61
888,257,54,1,60.11
889,257,25,1,15.97
890,257,58,1,40.85
891,257,61,7,42.28
892,258,33,2,31.97
893,258,6,1,103.74
894,258,47,1,12.22
895,258,24,5,162.09
896,258,59,8,10.42
897,258,30,4,33.69
898,259,97,1,27.76
899,260,17,9,188.73
900,260,50,1,99.62
901,260,28,8,82.21
902,260,79,3,21.67
903,261,8,8,35.35
904,261,69,8,29.96
905,262,2,5,89.41
906,262,28,8,82.38
907,262,68,5,66.02
908,262,95,5,18.37
909,263,48,1,52.97
910,263,34,7,45.94
911,264,98,10,12.82
912,264,34,8,39.37
913,264,5,6,53.08
914,264,54,6,56.28
915,264,87,9,10.81
916,265,40,10,18.60
917,265,67,8,58.01
918,266,84,9,5.31
919,266,69,7,29.72
920,266,22,5,14.88
921,267,40,9,18.96
922,267,41,3,36.06
923,268,40,3,21.69
924,269,65,4,24.00
925,269,40,7,21.13
926,269,82,7,10.84
927,269,87,9,11.30
928,269,60,9,16.70
929,270,60,9,15.20
930,271,98,6,14.82
931,271,70,7,83.83
932,271,40,7,19.30
933,271,81,6,15.84
934,271,84,2,5.10
935,271,54,8,48.96
936,272,94,1,17.75
937,272,86,9,8.83
938,273,54,5,60.64
939,274,40,2,17.40
940,274,82,4,14.27
941,275,2,4,73.05
942,276,70,8,71.28
943,276,86,7,8.98
944,277,2,6,74.21
945,277,68,7,66.15
946,277,60,8,17.09
947,278,4,7,25.82
948,278,5,2,56.53
949,278,40,10,18.69
950,278,74,6,10.00
951,278,54,8,61.20
952,278,63,7,23.43
953,279,98,2,14.49
954,280,65,7,18.18
955,280,86,4,8.47
956,280,12,8,108.50
957,280,38,5,26.78
958,281,33,1,25.22
959,281,2,8,88.82
960,281,46,3,18.64
961,281,84,10,4.68
962,281,89,9,5.75
963,282,38,1,34.90
964,282,77,6,33.20
965,282,49,3,10.46
966,282,18,2,38.39
967,282,57,8,13.70
968,282,26,7,13.16
969,283,5,8,55.37
970,283,40,8,17.52
971,283,84,2,5.19
972,283,85,3,6.53
973,283,29,10,42.48
974,283,95,8,22.04
975,284,73,9,315.20
976,284,42,8,84.52
977,284,3,7,169.75
978,284,58,7,36.44
979,285,8,6,38.40
980,286,97,3,22.69
981,286,90,3,6.52
982,286,45,8,22.38
983,286,95,9,22.70
984,287,58,10,37.56
985,287,53,9,64.28
986,287,98,4,11.45
987,288,40,6,18.50
988,288,82,1,10.76
989,289,58,9,33.15
990,290,40,6,21.05
991,291,89,8,5.37
992,291,84,4,4.70
993,292,26,9,14.53
994,293,22,9,15.10
995,294,89,2,5.98
996,294,9,4,42.63
997,295,34,6,40.21
998,295,7,1,80.23
999,295,40,6,17.30
1000,295,41,10,31.25
1001,295,82,4,13.82
1002,295,86,3,8.47
1003,296,68,3,78.73
1004,296,84,9,4.34
1005,296,93,2,49.02
1006,296,63,1,19.83
1007,297,8,6,43.37
1008,297,11,5,59.59
1009,297,94,6,19.46
1010,297,22,9,16.06
1011,298,98,9,14.19
1012,298,40,10,21.72
1013,298,42,10,99.55
1014,298,56,6,21.53
1015,298,90,8,6.54
1016,299,8,5,43.21
1017,299,58,10,40.03
1018,299,63,6,20.35
1019,300,40,6,17.99
1020,300,59,7,11.82
1021,300,95,10,20.10
1022,301,62,5,43.63
1023,301,84,6,4.27
1024,301,69,9,32.66
1025,301,30,8,27.98
1026,302,38,6,32.37
1027,302,40,8,17.24
1028,302,77,7,34.15
1029,302,17,5,167.38
1030,302,58,8,40.68
1031,303,39,7,11.66
1032,303,40,4,16.16
1033,303,10,5,15.41
1034,303,42,8,109.56
1035,303,18,9,38.03
1036,304,98,8,13.94
1037,304,40,8,19.74
1038,304,46,6,21.15
1039,304,86,3,6.91
1040,304,56,1,21.42
1041,305,87,9,9.38
1042,306,32,10,37.74
1043,306,98,2,11.53
1044,306,40,10,18.18
1045,306,72,5,39.40
1046,306,84,4,4.63
1047,307,59,9,10.89
1048,307,63,4,19.33
1049,308,3,3,215.57
1050,308,60,7,18.06
1051,309,58,10,31.96
1052,309,2,5,84.01
1053,310,46,3,22.32
1054,310,18,5,37.85
1055,310,36,4,12.83
1056,310,38,7,33.09
1057,311,34,3,40.37
1058,311,46,7,23.20
1059,311,48,7,69.81
1060,311,87,5,8.57
1061,311,89,8,5.40
1062,312,40,8,19.86
1063,312,58,6,37.00
1064,312,84,2,4.20
1065,312,55,7,35.60
1066,313,33,7,26.90
1067,313,84,5,4.39
1068,314,42,10,110.56
1069,314,91,2,49.47
1070,315,59,7,9.97
1071,315,3,7,213.17
1072,315,76,5,16.04
1073,315,41,5,30.82
1074,316,40,10,17.46
1075,316,97,10,26.95
1076,316,24,4,145.38
1077,317,98,4,12.82
1078,318,75,10,10.30
1079,319,38,3,35.08
1080,319,39,5,10.49
1081,319,47,2,11.68
1082,319,21,2,91.74
1083,319,22,10,17.77
1084,319,58,3,37.54
1085,320,94,4,18.04
1086,320,58,2,36.96
1087,320,98,2,11.57
1088,321,18,6,33.04
1089,321,29,3,51.46
1090,321,86,3,7.94
1091,322,40,5,17.18
1092,322,84,1,4.75
1093,323,6,10,98.54
1094,323,7,10,81.48
1095,323,19,8,89.96
1096,323,55,3,31.73
1097,323,23,4,59.99
1098,324,82,7,10.78
1099,324,67,5,52.99
1100,325,58,8,40.19
1101,325,82,9,14.32
1102,325,54,10,51.13
1103,325,79,7,25.75
1104,326,58,1,35.79
1105,326,46,10,19.58
1106,326,55,5,39.89
1107,327,61,7,43.83
1108,328,40,7,16.23
1109,328,42,3,104.90
1110,328,32,10,33.06
1111,329,38,4,30.12
1112,329,43,7,63.20
1113,329,76,4,21.10
1114,329,84,2,5.40
1115,329,21,1,93.75
1116,329,95,7,20.59
1117,330,58,8,41.24
1118,330,5,6,45.20
1119,330,40,9,17.31
1120,330,10,2,12.55
1121,330,86,9,6.98
1122,330,90,1,6.96
1123,331,33,10,28.22
1124,331,3,6,188.17
1125,331,45,9,18.25
1126,331,84,8,4.86
1127,331,58,7,38.72
1128,332,5,7,60.08
1129,332,9,8,39.52
1130,332,79,5,26.97
1131,332,84,4,4.20
1132,332,59,7,10.24
1133,333,40,4,21.91
1134,333,43,4,62.30
1135,333,5,3,50.98
1136,334,97,1,22.24
1137,334,58,8,33.15
1138,334,1,4,53.96
1139,334,39,3,11.36
1140,335,98,5,14.88
1141,335,10,9,14.37
1142,335,50,6,120.50
1143,335,54,6,55.83
1144,335,95,10,21.79
1145,335,63,5,20.39
1146,336,38,5,35.76
1147,336,40,7,19.15
1148,336,47,10,11.20
1149,336,84,5,4.43
1150,336,86,3,6.88
1151,337,34,9,46.63
1152,337,38,7,31.46
1153,337,84,7,5.09
1154,337,91,5,54.95
1155,337,95,3,18.75
1156,338,98,7,13.12
1157,338,8,8,36.98
1158,338,40,6,22.06
1159,338,53,2,75.22
1160,338,93,8,49.36
1161,339,33,4,26.19
1162,339,98,3,13.86
1163,339,43,10,60.64
1164,339,47,7,12.34
1165,340,13,1,45.77
1166,341,58,3,31.19
1167,341,54,1,61.92
1168,342,99,6,33.86
1169,342,42,2,101.58
1170,342,19,5,70.59
1171,342,28,1,73.12
1172,343,1,8,55.68
1173,343,98,10,11.73
1174,343,5,9,48.90
1175,343,11,10,55.43
1176,343,84,2,4.41
1177,344,40,10,16.72
1178,344,73,5,271.11
1179,344,67,6,51.02
1180,344,62,8,41.90
1181,345,56,4,23.56
1182,345,41,5,35.37
1183,345,40,4,20.17
1184,345,75,3,10.60
1185,346,10,2,12.48
1186,346,16,6,33.90
1187,346,48,10,66.58
1188,346,18,8,30.69
1189,346,23,2,55.11
1190,346,60,9,18.71
1191,347,33,2,25.79
1192,347,98,5,11.49
1193,347,4,8,22.37
1194,347,52,7,11.17
1195,347,24,6,156.87
1196,347,60,6,16.21
1197,348,97,3,21.76
1198,348,98,7,15.32
1199,348,40,6,16.70
1200,348,73,3,264.02
1201,348,46,10,19.80
1202,348,59,5,11.73
1203,349,77,6,38.60
1204,349,46,10,23.01
1205,350,40,4,22.00
1206,350,84,6,4.30
1207,350,13,9,55.73
1208,351,58,10,37.07
1209,351,100,1,24.25
1210,351,93,10,51.80
1211,352,2,2,89.55
1212,352,100,7,26.60
1213,352,40,10,21.76
1214,352,50,6,109.75
1215,352,60,4,18.21
1216,353,40,10,20.18
1217,353,86,5,7.25
1218,353,94,4,16.60
1219,353,87,8,8.63
1220,354,43,5,73.21
1221,354,47,9,13.20
1222,355,80,10,43.07
1223,355,89,8,6.26
1224,355,2,4,90.13
1225,355,84,9,4.78
1226,356,89,6,5.75
1227,356,98,4,12.03
1228,356,84,7,4.01
1229,357,40,8,17.62
1230,358,12,5,119.36
1231,359,68,7,70.91
1232,359,69,3,27.75
1233,360,40,9,19.42
1234,360,98,2,13.98
1235,360,12,2,121.08
1236,361,98,5,11.56
1237,362,17,9,148.10
1238,362,49,2,10.59
1239,363,40,7,18.27
1240,363,11,9,70.30
1241,363,84,1,5.40
1242,363,69,10,34.58
1243,364,100,6,23.96
1244,365,72,6,33.28
1245,365,58,7,30.48
1246,366,56,8,21.94
1247,366,33,2,31.04
1248,366,13,4,60.65
1249,366,86,8,8.69
1250,367,32,1,33.09
1251,367,67,1,61.21
1252,367,5,6,60.41
1253,367,42,7,101.05
1254,367,84,1,5.10
1255,368,89,9,6.13
1256,368,11,10,69.48
1257,368,87,8,8.93
1258,369,64,6,33.45
1259,369,100,9,24.67
1260,369,4,5,25.54
1261,369,40,2,16.37
1262,369,79,5,21.60
1263,370,98,2,13.02
1264,370,39,6,13.20
1265,370,40,5,16.59
1266,370,42,7,103.79
1267,370,19,5,70.13
1268,370,23,2,53.20
1269,371,98,6,14.88
1270,371,61,5,39.57
1271,372,40,2,19.66
1272,372,18,5,30.60
1273,372,60,9,15.49
1274,373,97,9,26.15
1275,373,98,2,14.06
1276,373,10,1,15.78
1277,373,76,7,17.34
1278,373,89,6,5.19
1279,374,82,1,14.25
1280,374,19,8,72.32
1281,374,12,6,89.88
1282,375,40,3,16.63
1283,375,58,10,32.24
1284,375,60,2,17.52
1285,375,84,1,4.93
1286,376,33,9,31.86
1287,376,26,7,13.11
1288,376,75,9,9.74
1289,376,98,10,14.98
1290,377,33,9,25.80
1291,377,68,3,68.09
1292,377,7,10,71.48
1293,377,84,10,4.60
1294,377,58,4,33.40
1295,377,30,2,30.75
1296,378,98,3,11.82
1297,378,68,10,80.09
1298,378,38,4,27.63
1299,378,46,1,19.07
1300,378,55,4,31.57
1301,378,30,2,31.95
1302,379,1,1,43.39
1303,379,98,6,13.03
1304,379,33,3,25.93
1305,379,40,2,17.03
1306,379,43,6,71.39
1307,379,17,7,193.56
1308,380,89,4,5.37
1309,380,68,5,72.62
1310,380,40,5,18.78
1311,380,42,8,81.37
1312,380,22,1,15.27
1313,380,57,9,16.33
1314,381,32,3,31.29
1315,381,16,1,35.56
1316,381,40,9,19.00
1317,382,60,4,15.68
1318,383,32,8,31.15
1319,383,89,3,5.43
1320,383,98,4,11.35
1321,383,86,7,8.22
1322,384,58,3,37.40
1323,384,99,6,28.05
1324,385,39,2,11.13
1325,385,40,2,19.57
1326,385,12,5,96.48
1327,385,89,4,5.49
1328,385,57,9,16.38
1329,386,65,6,23.87
1330,386,97,9,27.96
1331,386,98,6,13.06
1332,386,1,4,41.69
1333,386,60,5,14.85
1334,387,65,10,23.89
1335,387,69,2,31.23
1336,387,38,10,30.21
1337,387,83,4,2.22
1338,387,85,6,7.05
1339,387,60,4,15.73
1340,388,34,3,41.94
1341,388,2,1,71.46
1342,388,98,7,12.15
1343,388,40,2,19.37
1344,388,10,9,12.27
1345,389,33,10,24.17
1346,389,42,5,93.75
1347,389,5,8,54.71
1348,389,77,2,39.97
1349,390,98,10,12.34
1350,390,12,4,106.28
1351,390,62,5,34.09
1352,391,98,7,15.48
1353,391,79,2,28.21
1354,391,82,10,10.87
1355,391,54,10,49.02
1356,391,25,7,14.31
1357,392,65,5,17.70
1358,392,3,3,179.74
1359,392,40,1,17.55
1360,392,73,4,318.82
1361,392,12,4,115.92
1362,392,49,8,9.46
1363,393,68,3,66.54
1364,394,18,4,37.79
1365,395,40,3,20.29
1366,395,65,3,22.09
1367,395,91,1,53.37
1368,396,42,7,102.14
1369,396,58,3,31.37
1370,397,10,3,13.74
1371,397,46,9,19.98
1372,398,97,3,28.92
1373,398,98,10,14.79
1374,398,99,10,32.32
1375,398,69,8,27.86
1376,398,58,10,34.95
1377,398,95,8,23.91
1378,399,40,1,20.97
1379,399,98,5,12.11
1380,399,62,9,38.26
1381,400,73,4,334.61
1382,400,17,9,180.80
1383,400,98,2,15.30
1384,400,90,7,7.65
1385,401,34,1,36.25
1386,401,81,10,17.43
1387,401,19,2,83.71
1388,401,57,9,13.91
1389,401,58,9,31.09
1390,401,60,5,16.67
1391,402,40,4,18.72
1392,402,19,4,73.18
1393,402,28,2,82.11
1394,403,66,8,29.13
1395,403,10,5,12.55
1396,403,46,6,24.93
1397,403,47,1,11.12
1398,403,22,1,18.63
1399,404,3,2,179.61
1400,404,40,9,18.79
1401,404,11,1,67.08
1402,404,82,10,13.63
1403,404,85,3,6.35
1404,404,60,6,19.01
1405,405,40,3,17.90
1406,405,84,3,4.11
1407,405,69,10,31.58
1408,405,55,5,34.94
1409,406,86,10,7.33
1410,406,58,6,39.06
1411,406,84,1,4.55
1412,406,22,8,17.16
1413,407,5,5,44.89
1414,408,42,9,83.98
1415,408,66,3,25.01
1416,409,42,6,96.88
1417,409,18,1,32.06
1418,409,84,3,4.53
1419,409,46,7,23.52
1420,410,64,9,33.65
1421,410,33,6,28.22
1422,410,5,1,57.08
1423,410,6,9,121.07
1424,410,76,2,16.60
1425,410,46,1,18.58
1426,411,89,9,5.49
1427,412,94,1,22.27
1428,413,64,8,27.17
1429,413,89,4,5.95
1430,413,40,7,19.26
1431,414,8,5,43.08
1432,414,40,9,20.53
1433,414,73,5,303.72
1434,414,83,3,2.39
1435,414,23,7,47.74
1436,414,58,3,38.70
1437,415,47,5,11.42
1438,415,77,1,30.87
1439,415,87,5,11.12
1440,416,5,6,47.87
1441,416,40,3,18.19
1442,416,42,1,90.24
1443,416,45,8,22.40
1444,416,82,7,12.01
1445,416,89,5,6.51
1446,417,97,6,27.65
1447,417,84,9,4.34
1448,417,86,5,7.90
1449,417,55,3,32.67
1450,417,60,1,16.29
1451,418,97,6,23.40
1452,418,34,9,37.13
1453,418,5,6,48.34
1454,418,7,2,82.63
1455,418,72,4,35.62
1456,418,87,2,11.07
1457,419,12,9,108.37
1458,420,58,10,32.39
1459,420,84,4,4.12
1460,420,77,3,35.48
1461,420,62,6,38.63
1462,421,5,2,44.65
1463,421,46,10,24.68
1464,422,98,9,14.57
1465,422,100,1,30.14
1466,422,12,4,118.71
1467,422,54,1,59.02
1468,422,89,6,6.12
1469,423,16,7,33.47
1470,423,18,8,31.69
1471,423,60,5,15.24
1472,423,98,10,14.76
1473,424,98,1,15.12
1474,425,70,10,71.52
1475,425,40,2,16.57
1476,425,43,10,71.43
1477,425,93,9,49.01
1478,425,62,4,37.21
1479,426,40,4,22.17
1480,426,58,3,32.07
1481,426,3,10,226.83
1482,426,21,3,103.45
1483,427,34,6,38.18
1484,428,10,3,15.05
1485,428,82,7,12.57
1486,428,5,1,59.63
1487,428,39,1,12.67
1488,429,34,1,47.15
1489,429,98,2,13.48
1490,429,47,3,11.47
1491,430,2,9,90.17
1492,430,84,6,5.31
1493,430,5,10,50.54
1494,430,30,1,25.80
1495,431,40,3,16.74
1496,431,50,5,116.38
1497,431,82,6,14.06
1498,431,23,7,48.30
1499,432,64,3,32.76
1500,432,47,9,13.55
1501,432,16,5,40.21
1502,432,53,1,71.30
1503,432,58,5,31.45
1504,433,1,9,49.11
1505,433,40,9,20.59
1506,433,48,1,55.64
1507,433,58,6,32.54
1508,433,31,2,36.56
1509,434,13,1,50.57
1510,435,100,10,25.03
1511,435,8,1,37.34
1512,435,86,8,8.39
1513,435,55,10,39.86
1514,435,60,7,18.07
1515,436,64,5,32.93
1516,436,42,10,106.59
1517,436,75,8,12.49
1518,436,84,9,4.12
1519,436,60,9,15.41
1520,437,66,10,23.92
1521,437,59,1,10.28
1522,437,60,5,17.89
1523,438,98,4,12.06
1524,438,28,3,72.25
1525,438,63,7,22.03
1526,438,30,9,28.76
1527,438,31,1,40.42
1528,439,64,8,31.59
1529,439,58,1,38.78
1530,439,3,3,208.00
1531,439,23,5,60.69
1532,440,33,6,29.50
1533,440,98,9,14.03
1534,440,69,9,27.11
1535,440,77,5,38.44
1536,440,58,6,39.50
1537,441,73,6,307.34
1538,441,18,3,28.48
1539,441,21,6,97.26
1540,441,93,3,53.28
1541,442,58,2,34.04
1542,442,68,4,82.60
1543,442,12,8,88.97
1544,442,60,2,18.08
1545,443,98,4,11.79
1546,443,40,7,20.84
1547,443,84,4,4.79
1548,443,85,5,7.67
1549,443,86,5,8.72
1550,443,93,1,54.64
1551,444,86,4,7.02
1552,445,1,7,54.98
1553,446,7,9,79.83
1554,446,8,2,37.61
1555,446,42,10,101.65
1556,446,86,1,7.45
1557,446,93,2,45.04
1558,447,40,8,18.08
1559,447,89,3,5.78
1560,447,58,9,39.90
1561,447,62,10,36.00
1562,448,65,5,21.76
1563,448,42,8,81.79
1564,448,67,10,58.75
1565,448,6,3,103.79
1566,449,76,3,18.13
1567,450,69,8,26.67
1568,450,40,8,20.52
1569,450,45,1,24.11
1570,450,89,10,6.86
1571,450,58,10,38.05
1572,450,60,5,14.22
1573,451,43,9,64.43
1574,452,32,3,30.75
1575,452,9,6,47.75
1576,452,31,3,33.70
1577,453,40,9,16.79
1578,453,98,8,15.20
1579,454,32,3,38.85
1580,455,1,6,49.68
1581,455,34,8,36.33
1582,455,13,6,53.49
1583,455,17,4,161.62
1584,455,82,2,11.38
1585,455,61,9,50.65
1586,456,40,10,17.16
1587,456,60,3,15.55
1588,456,79,5,28.03
1589,457,5,5,51.55
1590,457,6,7,123.17
1591,457,40,2,18.98
1592,457,47,8,14.82
1593,457,86,8,8.45
1594,458,97,10,28.98
1595,458,67,3,60.55
1596,458,10,4,12.27
1597,458,86,7,7.26
1598,458,56,9,21.80
1599,458,91,8,51.10
1600,459,34,2,37.76
1601,459,72,3,40.89
1602,459,47,6,13.23
1603,459,82,6,12.13
1604,459,86,8,7.18
1605,459,89,1,6.82
1606,460,84,2,5.00
1607,460,77,1,35.04
1608,460,60,8,15.97
1609,460,47,7,11.96
1610,461,1,3,42.98
1611,461,42,6,86.78
1612,461,84,3,4.47
1613,461,22,7,14.88
1614,461,58,6,37.82
1615,462,84,8,4.79
1616,463,72,3,35.74
1617,464,98,10,13.21
1618,464,68,9,83.32
1619,464,40,5,19.71
1620,464,10,10,12.86
1621,464,43,5,66.14
1622,464,59,1,12.80
1623,465,97,1,28.63
1624,465,18,4,38.21
1625,466,98,5,14.02
1626,466,38,6,35.19
1627,466,76,10,20.44
1628,466,77,2,35.70
1629,466,47,5,13.66
1630,466,87,9,9.60
1631,467,97,3,24.61
1632,467,73,9,272.19
1633,467,47,7,12.65
1634,467,50,9,106.55
1635,467,86,3,8.52
1636,468,98,7,13.19
1637,469,98,8,11.55
1638,470,54,7,54.86
1639,470,89,3,5.97
1640,470,58,3,39.61
1641,470,62,10,37.56
1642,471,82,9,13.64
1643,471,54,9,50.52
1644,472,43,4,57.61
1645,473,40,6,21.55
1646,473,3,7,215.14
1647,473,6,10,107.29
1648,474,72,5,32.48
1649,474,59,3,13.24
1650,474,4,6,25.22
1651,475,40,7,18.92
1652,475,58,6,32.36
1653,475,29,10,53.03
1654,476,98,10,14.17
1655,476,29,7,53.33
1656,476,38,4,34.67
1657,477,58,2,36.62
1658,477,95,3,20.52
1659,478,40,6,19.36
1660,478,10,8,15.02
1661,478,70,6,74.17
1662,479,89,9,5.43
1663,479,25,6,15.91
1664,479,60,9,14.40
1665,479,45,7,18.63
1666,480,54,7,49.58
1667,480,42,9,110.22
1668,480,98,10,12.65
1669,481,40,1,17.72
1670,481,82,10,11.29
1671,481,84,9,4.16
1672,482,97,6,23.32
1673,482,10,5,14.39
1674,482,86,2,8.58
1675,482,25,4,17.04
1676,482,61,2,43.58
1677,483,40,4,17.36
1678,483,16,6,39.04
1679,483,86,4,8.15
1680,484,58,6,34.96
1681,484,52,10,9.68
1682,484,34,3,38.06
1683,484,87,2,10.72
1684,485,98,8,12.78
1685,485,84,9,4.56
1686,485,4,2,26.46
1687,486,7,3,68.39
1688,486,80,9,36.18
1689,486,18,6,33.72
1690,486,52,3,10.96
1691,486,53,9,75.17
1692,486,60,7,18.08
1693,487,40,8,20.93
1694,487,84,5,4.79
1695,487,55,3,32.31
1696,487,7,6,65.28
1697,488,69,6,35.10
1698,488,40,10,20.90
1699,488,82,9,11.66
1700,488,58,10,31.60
1701,488,60,2,18.61
1702,489,5,6,57.33
1703,489,40,10,20.00
1704,489,47,4,13.66
1705,489,19,4,71.43
1706,489,87,2,8.91
1707,489,93,6,57.51
1708,490,33,8,26.99
1709,491,58,7,37.30
1710,492,70,10,79.59
1711,492,40,8,22.16
1712,492,81,4,15.43
1713,492,58,8,34.93
1714,492,63,5,21.67
1715,493,99,5,36.22
1716,493,74,2,8.75
1717,493,46,3,21.75
1718,493,82,2,13.31
1719,493,18,4,35.94
1720,493,87,3,11.16
1721,494,91,5,56.28
1722,494,62,1,41.38
1723,495,81,4,17.33
1724,495,93,8,56.15
1725,495,46,9,20.52
1726,495,57,8,13.54
1727,496,57,8,17.06
1728,496,50,5,106.10
1729,496,11,6,69.09
1730,496,84,5,4.82
1731,497,59,2,10.42
1732,497,19,8,82.86
1733,497,4,9,22.32
1734,497,23,2,51.66
1735,498,89,3,6.23
1736,498,98,4,11.55
1737,498,76,4,16.67
1738,498,6,10,126.47
1739,499,40,10,17.18
1740,499,98,10,15.32
1741,500,82,7,14.29
1742,500,91,10,58.91
1743,501,67,9,54.88
1744,502,25,4,16.14
1745,502,34,9,44.85
1746,503,40,2,17.75
1747,503,98,8,13.35
1748,504,2,5,73.95
1749,504,38,8,32.17
1750,504,43,2,66.19
1751,504,82,8,11.23
1752,504,54,10,55.35
1753,504,24,3,141.19
1754,505,38,9,31.09
1755,505,7,2,83.26
1756,505,9,6,37.99
1757,505,28,9,68.44
1758,505,95,9,24.66
1759,506,18,2,35.29
1760,506,3,6,176.11
1761,507,30,9,25.39
1762,507,5,8,52.16
1763,507,6,9,112.14
1764,507,79,8,28.02
1765,508,72,9,41.24
1766,508,77,4,33.96
1767,508,70,7,86.15
1768,509,84,1,5.36
1769,510,2,7,71.58
1770,510,98,10,14.01
1771,511,98,2,15.21
1772,511,40,3,16.27
1773,511,50,3,112.15
1774,511,90,10,8.17
1775,511,59,1,12.68
1776,512,40,9,19.03
1777,513,86,10,8.88
1778,513,7,8,71.74
1779,514,33,2,29.42
1780,515,33,8,25.13
1781,515,98,3,13.01
1782,515,6,10,95.76
1783,515,22,2,18.59
1784,515,23,7,49.44
1785,516,97,3,21.96
1786,516,5,9,56.03
1787,516,13,4,57.05
1788,516,63,10,18.33
1789,517,5,8,55.00
1790,517,40,5,20.07
1791,517,47,2,14.19
1792,517,79,5,22.36
1793,517,58,2,32.14
1794,517,59,9,10.95
1795,518,97,10,22.80
1796,518,40,3,17.87
1797,518,43,10,54.19
1798,518,89,6,5.38
1799,518,58,6,41.39
1800,518,60,2,17.63
1801,519,1,10,53.84
1802,519,98,1,13.38
1803,519,40,4,20.83
1804,519,76,2,21.16
1805,519,81,4,15.42
1806,519,59,6,11.47
1807,520,33,3,32.56
1808,520,98,8,11.39
1809,520,3,7,226.12
1810,520,40,10,16.88
1811,520,42,4,86.22
1812,521,98,10,13.10
1813,521,8,4,35.25
1814,521,77,5,31.40
1815,521,54,2,54.12
1816,521,61,5,42.83
1817,522,70,4,86.27
1818,522,86,5,8.36
1819,523,38,10,27.68
1820,524,54,8,60.61
1821,524,46,5,20.68
1822,524,95,6,22.45
1823,525,40,5,21.86
1824,525,60,2,16.37
1825,525,87,5,8.93
1826,525,84,1,4.67
1827,526,5,2,45.06
1828,527,33,8,26.14
1829,527,46,2,20.88
1830,527,81,7,17.32
1831,527,18,9,33.61
1832,527,85,2,6.32
1833,528,98,8,14.26
1834,528,4,9,20.14
1835,528,69,8,26.19
1836,528,77,1,31.09
1837,528,48,4,62.10
1838,528,22,1,16.21
1839,529,40,7,17.95
1840,529,41,4,29.04
1841,529,58,10,30.42
1842,530,40,5,18.73
1843,530,58,4,35.75
1844,530,29,1,42.31
1845,530,47,4,12.37
1846,531,97,7,25.26
1847,531,39,3,11.25
1848,531,45,10,18.44
1849,531,47,4,11.26
1850,531,86,8,8.68
1851,532,4,7,26.69
1852,533,40,1,20.95
1853,533,82,8,12.28
1854,533,60,2,17.34
1855,533,47,1,14.76
1856,534,82,4,11.56
1857,535,73,10,315.44
1858,535,75,4,9.73
1859,535,84,2,4.98
1860,535,86,3,7.40
1861,535,58,10,30.62
1862,536,98,10,12.95
1863,536,40,8,19.34
1864,536,85,2,7.79
1865,536,86,10,7.11
1866,536,55,2,33.84
1867,537,40,2,18.45
1868,537,42,8,85.80
1869,537,58,1,33.38
1870,537,46,10,21.47
1871,538,86,4,7.70
1872,538,83,9,2.64
1873,538,38,10,33.08
1874,539,100,1,26.36
1875,539,97,5,22.25
1876,539,60,7,14.73
1877,540,33,7,25.02
1878,540,6,3,95.81
1879,540,50,1,112.76
1880,540,21,5,104.37
1881,540,87,9,8.80
1882,540,95,2,24.64
1883,541,42,9,100.03
1884,541,74,10,9.92
1885,542,48,9,69.53
1886,542,3,5,206.99
1887,542,11,9,72.76
1888,542,95,2,18.41
1889,543,98,6,13.19
1890,543,40,4,19.29
1891,543,82,8,12.77
1892,543,19,6,94.90
1893,543,94,1,19.30
1894,544,5,2,51.90
1895,544,40,3,21.15
1896,544,52,7,12.53
1897,544,86,5,8.01
1898,544,26,2,14.72
1899,545,98,7,11.98
1900,545,69,9,31.19
1901,545,40,7,17.05
1902,545,86,8,8.05
1903,545,55,1,36.30
1904,545,56,10,22.53
1905,546,34,10,35.76
1906,546,18,6,32.63
1907,546,95,8,21.12
1908,547,67,6,60.97
1909,547,40,6,20.51
1910,547,72,8,32.27
1911,547,28,7,79.24
1912,547,94,1,17.71
1913,548,98,5,12.33
1914,548,40,7,21.80
1915,548,42,8,82.06
1916,548,74,3,9.67
1917,548,62,1,34.35
1918,549,58,6,31.75
1919,549,13,4,54.06
1920,550,46,9,19.68
1921,550,18,9,32.39
1922,550,84,1,4.32
1923,550,55,3,38.65
1924,550,58,7,41.28
1925,550,60,9,16.37
1926,551,9,2,36.34
1927,551,3,2,181.12
1928,551,61,4,46.31
1929,551,86,10,7.50
1930,552,33,1,30.56
1931,552,100,4,25.48
1932,552,76,5,15.77
1933,552,16,9,34.35
1934,552,86,6,6.85
1935,552,90,1,8.17
1936,553,41,8,34.93
1937,553,98,2,11.89
1938,554,3,7,203.30
1939,554,4,8,25.71
1940,554,40,8,20.71
1941,554,12,2,118.22
1942,554,30,3,32.21
1943,555,65,8,23.26
1944,555,98,3,14.80
1945,555,40,2,16.72
1946,555,79,7,24.68
1947,555,82,2,12.56
1948,555,58,6,39.04
1949,556,40,10,20.15
1950,556,42,4,105.81
1951,556,43,10,67.96
1952,556,46,10,20.86
1953,556,29,5,48.82
1954,557,68,10,63.90
1955,557,40,10,16.95
1956,557,42,1,101.99
1957,557,12,8,116.50
1958,557,94,4,22.76
1959,558,98,4,14.36
1960,558,5,9,57.84
1961,558,46,9,23.30
1962,558,17,4,184.54
1963,558,52,4,11.02
1964,558,93,3,51.06
1965,559,56,6,22.48
1966,560,68,3,68.28
1967,560,6,10,104.40
1968,560,7,1,67.89
1969,560,53,7,61.78
1970,560,60,5,19.07
1971,561,40,5,21.10
1972,561,46,6,20.31
1973,561,47,8,13.01
1974,561,24,1,136.69
1975,561,89,5,6.09
1976,561,62,4,43.19
1977,562,84,3,4.03
1978,562,85,6,6.86
1979,563,90,7,6.76
1980,563,84,5,4.49
1981,563,87,7,8.67
1982,564,34,3,36.69
1983,564,69,3,26.92
1984,564,6,8,104.23
1985,564,40,8,18.73
1986,564,73,8,315.21
1987,564,62,3,37.44
1988,565,42,2,86.67
1989,565,13,9,45.94
1990,565,62,5,43.79
1991,566,1,2,50.05
1992,566,67,9,59.39
1993,566,100,8,30.90
1994,566,84,9,5.05
1995,566,95,2,19.07
1996,567,60,1,15.74
1997,567,93,5,59.70
1998,568,19,7,86.19
1999,568,76,2,15.96
2000,568,87,1,11.43
2001,568,84,5,4.29
2002,569,81,7,16.52
2003,569,93,10,49.98
2004,570,98,5,12.84
2005,570,66,3,30.73
2006,570,6,2,104.79
2007,570,42,4,101.75
2008,570,82,5,12.51
2009,570,58,5,34.24
2010,571,4,5,26.43
2011,572,40,4,20.61
2012,572,51,2,24.47
2013,572,68,4,63.92
2014,573,98,9,12.49
2015,573,99,8,33.15
2016,574,32,3,35.34
2017,574,98,1,13.35
2018,574,43,9,57.72
2019,574,80,3,39.97
2020,574,49,8,11.79
2021,574,95,1,20.61
2022,575,98,4,14.30
2023,575,39,10,9.78
2024,575,9,4,48.28
2025,575,84,9,4.47
2026,575,86,3,7.86
2027,575,58,4,33.16
2028,576,2,2,86.90
2029,576,91,7,54.07
2030,576,87,9,9.90
2031,577,56,5,28.07
2032,577,9,6,38.52
2033,577,47,7,12.07
2034,578,86,9,7.14
2035,579,72,9,36.26
2036,579,52,6,9.90
2037,579,63,10,18.61
2038,580,22,9,16.88
2039,581,68,10,71.14
2040,581,81,3,17.54
2041,581,85,10,8.37
2042,581,90,6,6.46
2043,581,59,3,11.68
2044,582,38,2,28.75
2045,582,70,10,92.00
2046,582,13,7,53.40
2047,582,86,3,8.38
2048,583,32,8,30.69
2049,583,18,4,29.88
2050,583,58,2,32.84
2051,584,98,8,14.07
2052,584,99,3,27.24
2053,585,33,4,29.09
2054,585,98,2,11.99
2055,585,75,2,9.88
2056,585,89,4,5.04
2057,585,26,1,12.82
2058,586,8,8,41.80
2059,587,42,9,99.47
2060,587,3,8,225.45
2061,587,5,2,55.90
2062,587,87,2,8.53
2063,588,42,4,83.16
2064,588,12,5,118.26
2065,588,30,4,33.67
2066,589,98,6,11.86
2067,589,40,10,18.01
2068,589,82,2,11.77
2069,589,84,4,4.04
2070,589,58,1,38.43
2071,589,60,7,16.25
2072,590,1,6,46.02
2073,590,86,10,8.98
2074,591,72,7,36.10
2075,591,10,2,13.69
2076,591,2,7,67.57
2077,591,47,5,14.77
2078,592,75,4,12.29
2079,593,48,10,60.84
2080,593,1,10,45.86
2081,593,40,9,18.98
2082,594,2,3,73.01
2083,594,47,10,12.55
2084,594,83,7,2.51
2085,594,84,10,4.22
2086,594,58,1,35.33
2087,595,34,8,47.52
2088,595,47,2,14.21
2089,595,52,6,10.82
2090,595,58,7,39.22
2091,595,95,8,19.43
2092,596,59,1,13.22
2093,597,98,9,14.87
2094,597,41,3,33.16
2095,597,18,5,32.17
2096,597,83,9,2.83
2097,597,91,10,59.85
2098,597,60,3,15.79
2099,598,84,9,4.52
2100,599,98,2,12.51
2101,599,18,3,35.25
2102,599,53,7,65.85
2103,600,68,2,64.68
2104,600,10,10,14.51
2105,600,84,3,4.59
2106,600,58,3,35.07
2107,600,29,10,42.95
2108,601,40,5,21.47
2109,601,48,6,67.24
2110,601,60,3,15.26
2111,601,86,9,6.88
2112,602,86,7,6.73
2113,602,42,3,105.04
2114,602,70,10,69.60
2115,603,89,1,5.95
2116,603,18,1,35.66
2117,604,65,5,23.01
2118,604,33,8,31.71
2119,604,6,9,128.80
2120,604,40,9,17.12
2121,604,74,5,9.97
2122,604,26,2,12.05
2123,605,86,8,8.33
2124,605,58,3,32.86
2125,605,29,2,55.56
2126,605,98,9,12.93
2127,606,8,1,47.32
2128,606,1,10,43.09
2129,606,84,1,4.54
2130,607,98,7,12.61
2131,607,68,1,63.21
2132,607,50,4,115.58
2133,607,85,8,8.52
2134,607,28,10,66.36
2135,608,32,7,29.04
2136,608,4,1,23.87
2137,609,98,2,12.36
2138,610,34,10,42.99
2139,610,40,7,19.29
2140,610,73,10,305.75
2141,610,75,7,10.50
2142,610,60,10,15.66
2143,611,40,2,21.20
2144,611,17,9,192.61
2145,611,52,8,12.82
2146,612,85,2,6.48
2147,612,86,6,6.70
2148,613,23,10,61.14
2149,614,40,6,22.01
2150,614,34,9,40.29
2151,614,51,4,23.90
2152,614,29,3,45.60
2153,615,40,4,18.73
2154,615,58,4,36.79
2155,615,5,5,60.44
2156,615,46,9,24.24
2157,616,40,5,22.07
2158,616,42,3,93.65
2159,616,84,6,4.79
2160,616,28,8,73.21
2161,616,31,5,38.81
2162,617,6,3,101.13
2163,617,40,1,20.55
2164,617,41,9,33.33
2165,617,42,6,109.84
2166,617,43,8,56.01
2167,617,63,5,21.09
2168,618,34,7,41.19
2169,618,3,1,173.60
2170,618,100,5,23.79
2171,618,98,8,14.26
2172,618,13,1,55.75
2173,618,50,3,113.64
2174,619,66,4,27.95
2175,619,46,5,20.31
2176,620,98,10,15.09
2177,620,100,1,25.61
2178,620,68,7,61.60
2179,620,70,1,89.33
2180,620,29,2,41.68
2181,620,94,3,18.67
2182,621,72,10,34.04
2183,621,98,8,12.72
2184,621,68,8,67.85
2185,622,84,3,5.04
2186,623,40,1,20.21
2187,623,82,2,14.12
2188,623,60,7,14.12
2189,623,6,10,104.01
2190,624,98,10,11.33
2191,624,84,5,4.16
2192,625,33,10,24.48
2193,625,18,5,35.54
2194,625,4,9,19.99
2195,626,64,6,34.93
2196,626,98,10,15.00
2197,626,95,9,24.29
2198,627,40,6,20.29
2199,627,82,6,11.10
2200,627,95,1,20.85
2201,628,46,10,21.49
2202,629,68,7,70.50
2203,630,5,4,55.58
2204,630,7,9,85.25
2205,630,76,3,17.07
2206,630,52,4,12.08
2207,630,58,10,37.63
2208,631,40,1,21.35
2209,631,73,8,250.38
2210,631,99,3,31.57
2211,632,40,2,21.15
2212,632,33,7,28.51
2213,632,65,3,19.62
2214,633,16,10,32.80
2215,633,8,3,44.17
2216,633,58,4,32.62
2217,633,29,2,45.15
2218,634,2,10,85.17
2219,635,67,1,67.29
2220,636,66,7,27.40
2221,636,36,4,14.70
2222,636,98,2,11.34
2223,637,42,3,94.82
2224,638,98,9,15.49
2225,638,69,9,33.41
2226,638,40,10,18.87
2227,638,82,2,13.92
2228,638,50,10,96.16
2229,639,40,3,18.67
2230,639,34,3,44.96
2231,639,43,6,63.09
2232,639,87,2,10.15
2233,640,50,8,90.41
2234,640,3,6,174.84
2235,640,60,4,18.25
2236,641,1,3,51.16
2237,641,68,9,62.91
2238,641,73,9,323.81
2239,641,82,8,12.78
2240,641,25,6,16.47
2241,641,30,7,30.27
2242,642,84,4,4.74
2243,643,40,8,20.67
2244,643,42,2,86.38
2245,643,10,9,13.51
2246,643,58,1,30.65
2247,643,60,6,17.78
2248,644,84,4,5.03
2249,644,53,7,57.06
2250,645,98,5,12.45
2251,645,85,2,8.33
2252,645,56,3,28.12
2253,645,60,8,14.75
2254,645,95,1,19.31
2255,646,58,4,36.21
2256,646,63,3,17.93
2257,647,38,8,29.19
2258,648,80,2,43.97
2259,648,98,6,11.56
2260,648,68,4,74.63
2261,649,65,3,23.73
2262,649,2,3,71.15
2263,649,33,8,25.24
2264,649,5,3,52.31
2265,649,6,2,118.36
2266,649,18,4,30.73
2267,650,95,9,23.38
2268,651,46,7,24.21
2269,652,99,10,27.52
2270,652,1,8,45.27
2271,652,43,6,63.07
2272,653,58,1,30.95
2273,653,18,10,35.04
2274,653,12,2,91.45
2275,653,95,7,21.41
2276,654,33,9,26.30
2277,654,98,2,14.75
2278,654,3,7,206.62
2279,654,5,10,46.76
2280,654,60,4,14.29
2281,655,46,1,18.26
2282,656,98,7,13.05
2283,656,93,1,51.89
2284,656,46,7,20.78
2285,657,56,6,23.50
2286,657,11,10,55.20
2287,658,40,7,21.98
2288,658,84,5,5.45
2289,658,5,4,54.08
2290,659,34,3,36.29
2291,659,2,7,75.25
2292,659,68,2,81.65
2293,659,42,3,83.98
2294,659,46,7,19.91
2295,659,49,6,11.27
2296,660,69,8,26.16
2297,660,40,10,21.88
2298,660,13,10,60.22
2299,660,56,10,21.23
2300,660,58,3,40.66
2301,660,93,5,54.86
2302,661,32,5,29.71
2303,661,34,3,46.90
2304,661,70,1,92.71
2305,661,40,4,18.34
2306,661,11,5,58.53
2307,661,61,1,51.47
2308,662,36,5,14.07
2309,662,10,8,13.45
2310,662,46,7,23.47
2311,662,86,10,8.89
2312,662,87,8,10.65
2313,662,58,8,33.88
2314,663,40,6,20.81
2315,663,60,6,18.80
2316,663,94,7,22.59
2317,663,84,8,4.54
2318,664,98,2,13.41
2319,664,43,5,62.55
2320,664,60,3,14.53
2321,665,40,6,16.18
2322,665,73,10,336.91
2323,665,3,5,225.29
2324,666,98,7,13.72
2325,666,40,8,17.96
2326,666,11,4,57.65
2327,666,83,5,2.08
2328,666,60,6,14.58
2329,667,69,9,28.34
2330,667,6,4,114.42
2331,667,18,3,36.53
2332,667,86,2,8.95
2333,667,60,6,15.44
2334,667,29,4,53.93
2335,668,68,1,82.23
2336,668,13,2,44.90
2337,668,46,9,21.55
2338,668,49,3,11.80
2339,668,50,2,95.18
2340,668,86,9,6.81
2341,669,40,5,18.33
2342,669,24,3,154.84
2343,669,98,9,13.11
2344,669,12,5,114.93
2345,670,68,8,62.47
2346,670,69,3,27.65
2347,670,87,1,11.27
2348,671,34,10,40.49
2349,671,90,6,7.34
2350,671,48,4,61.00
2351,671,84,2,4.68
2352,671,86,1,7.31
2353,671,58,1,37.44
2354,672,98,1,14.06
2355,672,68,3,62.19
2356,672,8,3,41.30
2357,672,73,2,318.54
2358,672,42,6,90.70
2359,672,86,4,7.76
2360,673,47,4,13.48
2361,674,97,2,26.81
2362,674,72,3,36.78
2363,674,18,4,37.75
2364,674,83,7,2.17
2365,674,58,6,37.18
2366,675,77,8,38.10
2367,675,84,6,5.16
2368,675,23,6,49.65
2369,675,28,6,88.64
2370,675,61,4,49.74
2371,675,30,3,33.49
2372,676,72,4,40.50
2373,676,22,4,18.20
2374,677,40,4,21.15
2375,677,72,4,40.12
2376,677,87,7,8.91
2377,677,28,9,75.48
2378,677,61,1,42.94
2379,678,58,7,35.93
2380,678,43,2,66.11
2381,678,50,3,116.28
2382,678,95,4,23.86
2383,679,43,9,61.00
2384,679,2,9,71.23
2385,679,18,3,35.32
2386,679,5,8,55.75
2387,680,65,4,20.21
2388,680,98,5,12.65
2389,680,39,4,10.14
2390,680,83,4,2.83
2391,680,84,3,5.45
2392,680,58,3,31.75
2393,681,66,3,27.48
2394,681,100,6,24.10
2395,681,40,7,18.59
2396,681,82,10,11.24
2397,681,56,6,28.11
2398,681,89,1,5.41
2399,682,53,2,72.33
2400,682,36,2,16.29
2401,682,84,5,4.78
2402,682,95,8,20.91
2403,683,34,9,38.70
2404,683,53,2,75.48
2405,683,13,6,55.28
2406,684,2,7,71.17
2407,684,68,1,65.37
2408,685,34,2,39.35
2409,685,68,5,68.57
2410,685,84,1,5.17
2411,685,52,5,10.81
2412,685,86,3,8.03
2413,686,68,6,82.48
2414,686,42,5,91.34
2415,686,10,2,11.89
2416,686,77,7,36.41
2417,686,47,4,13.43
2418,686,59,8,12.09
2419,687,2,3,69.91
2420,687,7,2,77.58
2421,687,85,8,7.76
2422,687,86,2,6.85
2423,687,54,2,47.67
2424,688,82,10,12.22
2425,688,59,9,11.39
2426,689,33,8,25.55
2427,689,68,4,81.90
2428,689,46,10,18.71
2429,689,58,3,41.28
2430,689,59,7,10.39
2431,690,64,7,31.67
2432,690,40,4,18.27
2433,690,50,10,122.25
2434,690,84,5,5.33
2435,690,58,10,32.44
2436,690,60,7,14.35
2437,691,40,10,20.52
2438,691,56,3,25.37
2439,691,4,3,21.23
2440,692,24,6,147.89
2441,693,84,7,4.71
2442,694,58,8,40.56
2443,694,100,1,22.64
2444,694,50,7,90.41
2445,695,40,8,17.94
2446,695,50,5,110.47
2447,695,83,2,2.76
2448,695,54,4,52.24
2449,695,58,6,34.50
2450,696,72,4,35.13
2451,696,89,1,5.90
2452,696,4,7,23.83
2453,696,46,10,24.81
2454,697,16,6,37.96
2455,697,98,7,11.86
2456,697,47,4,11.91
2457,697,63,6,17.38
2458,698,2,4,77.16
2459,698,42,4,94.28
2460,698,16,6,42.01
2461,698,51,9,22.85
2462,698,58,9,37.16
2463,699,68,5,83.72
2464,699,38,5,35.11
2465,699,40,5,20.65
2466,699,83,2,2.62
2467,699,62,5,43.49
2468,700,36,5,16.19
2469,700,18,8,31.07
2470,700,59,10,10.95
2471,700,61,7,50.50
2472,700,62,9,36.85
2473,701,34,8,36.27
2474,701,73,4,317.99
2475,701,86,9,9.07
2476,701,55,9,36.06
2477,701,26,5,14.66
2478,701,60,3,14.39
2479,702,98,10,15.50
2480,703,72,6,31.53
2481,703,17,9,157.66
2482,703,18,5,31.83
2483,703,53,7,68.81
2484,704,40,1,20.84
2485,704,18,1,30.74
2486,704,84,10,4.43
2487,705,8,1,37.89
2488,705,42,3,106.36
2489,705,77,6,40.02
2490,705,87,2,8.84
2491,706,80,6,43.95
2492,706,50,10,108.29
2493,707,65,9,23.91
2494,707,60,2,18.76
2495,707,30,10,33.62
2496,707,86,2,7.16
2497,708,58,7,38.01
2498,708,75,2,11.13
2499,708,30,9,25.65
2500,709,40,3,17.09
2501,709,42,4,82.30
2502,709,93,8,47.48
2503,709,86,5,7.34
2504,709,29,2,46.65
2505,710,40,10,20.15
2506,711,72,1,40.58
2507,711,43,6,54.51
2508,711,84,3,5.05
2509,711,55,5,35.26
2510,712,82,8,10.87
2511,712,85,5,7.32
2512,712,98,5,11.55
2513,712,23,1,50.72
2514,713,40,6,19.38
2515,713,33,3,32.61
2516,713,23,9,50.25
2517,714,98,3,15.18
2518,714,40,3,17.34
2519,714,46,3,21.71
2520,714,48,4,65.31
2521,714,90,1,6.34
2522,715,40,4,16.79
2523,715,60,4,18.44
2524,716,33,8,26.35
2525,717,72,1,36.33
2526,717,9,7,40.94
2527,717,69,8,27.15
2528,717,47,6,13.51
2529,718,82,4,13.05
2530,718,26,3,12.28
2531,718,38,10,35.46
2532,719,3,3,225.34
2533,719,40,9,16.42
2534,719,84,2,4.43
2535,719,86,10,8.96
2536,719,26,1,15.68
2537,720,49,3,9.57
2538,721,7,5,83.39
2539,721,40,9,20.13
2540,721,77,2,35.14
2541,721,84,8,5.23
2542,721,86,8,8.21
2543,721,91,5,50.78
2544,722,16,1,41.30
2545,722,89,9,5.74
2546,722,84,8,4.32
2547,722,61,8,40.15
2548,723,98,6,15.32
2549,723,5,9,50.45
2550,723,40,5,17.84
2551,723,22,3,19.36
2552,723,55,8,39.38
2553,723,29,4,44.26
2554,724,98,1,11.64
2555,724,60,8,14.49
2556,724,12,1,120.52
2557,724,84,6,4.34
2558,725,97,1,22.31
2559,725,98,8,14.93
2560,725,6,1,104.14
2561,725,82,4,13.67
2562,725,85,6,7.70
2563,725,58,10,31.31
2564,726,38,2,27.52
2565,726,40,3,17.18
2566,726,80,7,44.54
2567,726,60,4,17.77
2568,726,95,8,19.70
2569,727,24,3,134.39
2570,727,41,3,28.41
2571,728,40,4,18.45
2572,728,91,1,60.76
2573,728,69,4,32.47
2574,728,70,5,74.80
2575,729,40,9,17.98
2576,729,91,10,53.80
2577,729,86,6,8.06
2578,730,40,3,16.26
2579,731,89,7,6.17
2580,732,70,3,76.24
2581,732,40,4,18.54
2582,732,9,10,37.28
2583,732,48,7,67.64
2584,732,84,3,4.33
2585,733,24,3,137.55
2586,733,97,2,21.85
2587,733,52,6,12.68
2588,733,84,3,4.79
2589,734,98,2,12.49
2590,734,68,7,68.77
2591,734,19,3,75.23
2592,734,22,6,17.61
2593,734,60,10,17.81
2594,735,34,3,42.99
2595,735,36,5,16.16
2596,735,69,3,32.20
2597,735,86,7,6.72
2598,736,40,9,17.70
2599,737,68,2,74.03
2600,738,32,1,35.23
2601,738,16,10,31.16
2602,739,34,3,36.90
2603,739,67,3,52.20
2604,739,8,6,45.21
2605,739,87,9,10.88
2606,739,89,2,6.26
2607,740,42,2,108.52
2608,740,45,2,23.04
2609,740,46,5,21.78
2610,740,47,1,13.28
2611,740,23,5,54.30
2612,740,55,1,37.23
2613,741,84,9,4.25
2614,742,40,7,18.12
2615,742,58,5,37.35
2616,742,36,7,16.71
2617,742,47,2,14.08
2618,743,40,7,20.46
2619,743,47,3,14.33
2620,743,18,3,28.95
2621,743,29,2,40.74
2622,743,62,3,34.11
2623,744,33,10,28.68
2624,744,98,2,14.55
2625,744,38,10,27.33
2626,744,40,7,18.84
2627,744,53,10,67.93
2628,745,40,9,16.81
2629,745,72,4,31.26
2630,745,73,7,332.21
2631,745,12,3,102.07
2632,745,24,1,153.35
2633,746,40,3,17.33
2634,747,5,5,57.46
2635,747,40,9,17.61
2636,747,12,9,118.30
2637,747,58,6,38.17
2638,747,30,3,30.16
2639,748,58,1,37.06
2640,748,68,9,71.73
2641,748,63,3,21.53
2642,748,87,7,11.12
2643,749,89,4,6.06
2644,749,28,9,86.58
2645,750,32,2,32.61
2646,750,69,2,30.66
2647,750,86,9,8.81
2648,750,93,7,59.40
2649,750,94,8,17.68
2650,751,38,2,31.91
2651,752,98,9,12.08
2652,753,32,2,34.75
2653,753,34,9,43.34
2654,754,98,1,13.30
2655,754,40,8,18.59
2656,754,8,2,41.42
2657,754,79,7,26.33
2658,754,81,6,18.79
2659,754,30,3,32.71
2660,755,66,9,30.62
2661,756,89,4,6.55
2662,757,63,8,20.05
2663,758,73,10,305.78
2664,758,17,4,186.97
2665,758,40,5,19.41
2666,758,97,8,24.55
2667,759,80,3,42.18
2668,759,2,7,83.05
2669,760,73,10,321.75
2670,760,58,10,39.98
2671,760,86,3,8.67
2672,761,48,3,64.15
2673,761,40,4,18.21
2674,761,55,7,35.62
2675,762,66,8,26.46
2676,762,81,10,15.42
2677,762,83,10,2.39
2678,762,60,5,19.01
2679,762,93,8,45.29
2680,762,62,7,40.76
2681,763,1,8,52.38
2682,763,50,6,99.01
2683,763,3,10,210.74
2684,763,84,5,4.41
2685,764,98,10,12.10
2686,765,98,7,12.73
2687,765,40,9,20.57
2688,765,17,2,184.59
2689,765,50,5,124.16
2690,765,87,9,10.97
2691,766,40,10,18.05
2692,767,56,1,23.51
2693,767,68,3,68.87
2694,768,86,3,9.06
2695,769,40,1,19.78
2696,769,50,9,90.98
2697,769,43,9,57.47
2698,769,21,6,110.78
2699,770,33,5,27.04
2700,770,90,9,7.90
2701,770,13,10,53.58
2702,770,85,8,7.69
2703,770,58,2,33.10
2704,771,34,1,44.84
2705,771,99,4,27.41
2706,771,98,6,11.47
2707,771,40,7,20.49
2708,771,22,10,14.97
2709,772,2,5,74.57
2710,772,68,5,63.59
2711,772,98,4,14.53
2712,773,40,1,18.85
2713,773,98,8,13.41
2714,773,68,1,82.38
2715,773,95,9,22.66
2716,774,24,4,149.93
2717,774,91,2,52.59
2718,774,4,5,19.87
2719,774,85,5,8.45
2720,775,18,6,33.27
2721,775,60,9,18.84
2722,775,5,7,59.00
2723,776,25,3,16.79
2724,776,98,6,11.77
2725,776,42,7,99.91
2726,777,98,2,14.90
2727,777,19,6,85.42
2728,777,84,5,4.34
2729,777,29,1,47.15
2730,778,42,6,97.78
2731,778,53,4,63.43
2732,778,55,6,35.60
2733,779,12,4,96.16
2734,779,86,8,7.39
2735,780,98,6,12.50
2736,781,74,10,10.73
2737,781,13,4,45.34
2738,782,89,8,6.76
2739,782,18,3,30.66
2740,782,12,8,109.48
2741,782,29,7,47.99
2742,783,40,6,18.08
2743,783,58,3,36.41
2744,783,38,5,28.23
2745,784,40,6,20.45
2746,784,70,2,72.17
2747,785,6,1,123.86
2748,785,40,10,18.33
2749,785,8,8,36.18
2750,785,42,5,95.12
2751,785,11,6,63.52
2752,786,33,8,26.73
2753,786,40,10,16.86
2754,786,80,10,36.99
2755,786,84,5,4.67
2756,786,87,10,9.42
2757,786,90,6,6.80
2758,787,58,2,32.66
2759,787,54,7,54.10
2760,788,90,4,6.48
2761,789,58,3,36.94
2762,789,86,1,7.68
2763,790,97,8,28.17
2764,790,9,4,42.33
2765,790,52,9,9.55
2766,790,58,6,35.06
2767,790,28,6,81.76
2768,791,72,4,35.78
2769,791,18,4,37.94
2770,792,56,6,27.11
2771,792,84,8,4.62
2772,792,86,5,7.08
2773,792,6,8,124.49
2774,793,80,7,38.77
2775,794,43,5,72.67
2776,794,60,7,15.04
2777,795,60,7,17.14
2778,795,93,6,48.60
2779,796,62,1,40.77
2780,797,34,6,46.37
2781,797,2,2,69.79
2782,797,5,7,53.01
2783,797,6,5,117.24
2784,797,40,3,21.61
2785,797,60,7,17.26
2786,798,56,10,25.24
2787,798,81,10,18.62
2788,798,57,3,14.52
2789,799,97,9,26.35
2790,799,66,9,23.75
2791,799,42,10,103.89
2792,799,84,3,4.06
2793,799,54,10,46.35
2794,800,80,3,43.70
2795,800,87,9,9.45
2796,800,62,10,35.89
2797,800,95,8,24.39
2798,801,50,10,121.76
2799,802,32,3,33.55
2800,802,98,7,13.49
2801,802,40,2,22.08
2802,802,84,4,4.11
2803,802,86,4,8.20
2804,803,11,8,58.95
2805,803,17,2,185.96
2806,803,82,6,11.61
2807,803,55,1,35.34
2808,803,87,10,10.85
2809,804,65,1,20.64
2810,804,97,3,24.72
2811,804,98,7,13.65
2812,804,77,10,40.33
2813,804,16,6,33.04
2814,804,25,6,13.39
2815,805,69,1,32.28
2816,805,82,2,13.46
2817,805,50,4,94.50
2818,805,84,2,5.16
2819,805,55,9,29.17
2820,805,31,10,31.11
2821,806,40,1,16.39
2822,806,18,6,35.45
2823,806,68,2,80.36
2824,806,77,2,39.55
2825,807,40,3,16.51
2826,808,33,9,32.24
2827,808,50,7,107.18
2828,808,45,3,23.00
2829,809,72,4,37.64
2830,809,10,10,13.38
2831,809,56,1,20.94
2832,809,61,9,46.88
2833,810,98,5,12.83
2834,810,47,4,12.85
2835,810,87,6,8.77
2836,811,34,2,39.11
2837,811,53,5,57.77
2838,811,86,10,7.23
2839,811,30,3,25.37
2840,812,97,7,26.54
2841,812,3,6,193.41
2842,812,52,5,12.78
2843,812,24,2,129.29
2844,812,29,5,46.21
2845,813,9,2,35.63
2846,813,74,8,10.01
2847,813,46,6,24.70
2848,814,66,2,25.85
2849,814,5,9,44.70
2850,814,40,3,19.45
2851,814,86,4,7.83
2852,814,90,3,6.34
2853,814,94,4,19.60
2854,815,40,5,17.70
2855,815,89,9,5.87
2856,815,90,4,8.11
2857,815,19,4,84.97
2858,816,60,1,16.86
2859,817,40,1,21.34
2860,817,97,3,26.34
2861,817,82,5,12.51
2862,817,54,9,61.02
2863,818,40,4,21.31
2864,818,90,6,8.29
2865,818,84,8,4.79
2866,818,82,8,11.06
2867,819,49,1,12.02
2868,820,98,1,14.75
2869,820,99,4,28.99
2870,820,82,9,12.85
2871,820,84,9,5.33
2872,820,85,9,7.45
2873,820,86,6,7.78
2874,821,34,1,35.83
2875,821,45,10,21.98
2876,821,48,6,71.05
2877,821,83,7,2.22
2878,821,86,3,9.02
2879,822,5,3,48.41
2880,822,40,4,21.35
2881,822,18,10,37.61
2882,822,19,6,70.44
2883,822,25,3,15.15
2884,823,40,1,17.83
2885,824,75,10,11.52
2886,825,40,1,20.03
2887,825,42,10,100.22
2888,825,84,3,4.45
2889,825,86,5,6.97
2890,825,24,8,145.97
2891,825,58,9,30.46
2892,826,42,3,93.68
2893,826,98,2,12.03
2894,826,22,5,19.78
2895,826,39,3,12.54
2896,827,72,3,38.86
2897,827,2,2,76.09
2898,827,86,10,7.94
2899,828,4,9,21.76
2900,829,42,8,97.93
2901,829,2,3,82.88
2902,829,12,3,90.33
2903,829,6,1,121.31
2904,830,40,6,16.56
2905,830,42,9,87.27
2906,830,77,1,36.49
2907,830,84,8,4.49
2908,830,85,1,7.71
2909,831,12,6,96.55
2910,832,98,1,14.46
2911,832,3,3,208.78
2912,832,12,2,93.79
2913,832,50,7,97.29
2914,832,63,9,20.69
2915,833,29,5,40.86
2916,833,68,5,68.63
2917,833,93,2,56.58
2918,833,54,2,62.04
2919,834,1,4,45.68
2920,834,98,3,13.00
2921,834,52,5,12.47
2922,834,85,3,6.98
2923,834,25,3,13.85
2924,835,68,6,61.71
2925,836,33,3,30.88
2926,836,60,1,18.84
2927,837,40,1,18.41
2928,837,48,3,57.06
2929,837,82,6,12.18
2930,837,87,4,9.50
2931,837,93,8,59.56
2932,838,10,3,11.92
2933,838,51,6,20.46
2934,838,77,6,39.23
2935,838,86,6,8.07
2936,839,42,2,85.29
2937,840,98,7,12.00
2938,840,69,7,31.00
2939,840,40,5,22.15
2940,840,87,9,10.83
2941,840,60,5,18.48
2942,841,56,4,23.72
2943,841,58,1,35.38
2944,841,84,9,5.34
2945,841,95,5,21.79
2946,842,40,2,19.51
2947,842,56,2,27.98
2948,842,34,8,42.03
2949,842,86,10,7.34
2950,843,40,10,16.44
2951,843,11,9,68.89
2952,844,98,4,13.93
2953,844,43,4,69.71
2954,845,56,1,27.73
2955,845,58,2,35.84
2956,845,40,9,17.49
2957,846,40,3,17.15
2958,846,89,8,5.39
2959,846,22,3,18.13
2960,846,47,6,14.56
2961,847,8,9,35.20
2962,847,1,5,47.55
2963,847,33,7,30.78
2964,848,16,10,37.23
2965,848,1,2,57.28
2966,848,34,7,37.88
2967,848,57,1,16.57
2968,849,65,3,22.96
2969,849,98,4,14.18
2970,849,42,10,109.74
2971,849,82,10,13.18
2972,849,87,10,10.81
2973,850,42,6,97.79
2974,851,58,9,39.80
2975,851,11,5,62.58
2976,851,87,1,9.73
2977,852,3,10,205.15
2978,853,33,8,26.27
2979,853,40,2,16.64
2980,853,77,2,35.82
2981,853,47,10,12.30
2982,853,94,6,20.03
2983,854,98,6,11.33
2984,854,40,4,17.37
2985,854,82,7,11.62
2986,854,87,6,8.59
2987,854,55,10,33.14
2988,854,30,5,30.66
2989,855,89,3,5.83
2990,855,74,2,10.29
2991,855,60,3,14.18
2992,856,91,9,57.32
2993,856,77,9,40.17
2994,856,86,3,6.99
2995,857,1,6,42.19
2996,857,34,2,41.11
2997,857,98,6,13.38
2998,857,40,8,21.61
2999,857,42,6,88.21
3000,857,48,4,65.57
3001,858,40,5,16.24
3002,858,100,10,23.32
3003,858,98,9,11.68
3004,858,34,9,46.94
3005,859,65,6,23.98
3006,859,98,5,13.67
3007,859,40,7,20.16
3008,859,72,1,32.36
3009,859,84,10,4.07
3010,859,58,1,32.10
3011,860,11,9,65.34
3012,860,3,2,176.65
3013,860,47,3,11.11
3014,861,18,7,35.92
3015,861,99,2,27.63
3016,862,3,6,227.14
3017,862,95,7,18.28
3018,863,94,5,22.25
3019,863,82,1,11.75
3020,863,34,5,47.21
3021,863,86,3,8.24
3022,864,33,2,32.78
3023,864,66,6,27.96
3024,864,42,6,88.49
3025,864,46,4,21.57
3026,865,98,6,11.97
3027,865,100,3,28.99
3028,865,40,3,21.13
3029,865,11,1,61.96
3030,865,87,7,10.12
3031,865,58,7,38.10
3032,866,89,2,5.54
3033,866,98,10,15.33
3034,866,84,7,5.30
3035,867,64,3,33.40
3036,867,40,4,19.63
3037,867,47,1,12.48
3038,867,52,2,10.99
3039,867,89,5,6.53
3040,868,98,4,12.43
3041,868,100,5,25.19
3042,868,40,7,20.53
3043,868,18,2,33.94
3044,868,58,6,31.85
3045,869,38,5,36.06
3046,869,40,2,20.98
3047,869,47,2,14.15
3048,869,81,10,18.32
3049,869,26,4,14.26
3050,869,60,2,16.72
3051,870,38,10,29.78
3052,870,40,9,20.91
3053,870,47,9,14.60
3054,870,22,2,18.77
3055,870,89,5,6.01
3056,871,100,2,22.74
3057,871,45,1,23.40
3058,871,84,3,4.26
3059,871,89,6,6.55
3060,871,58,5,33.66
3061,872,84,1,4.26
3062,873,75,10,9.91
3063,874,98,9,14.00
3064,874,34,1,39.61
3065,874,76,1,16.70
3066,874,47,4,15.11
3067,874,21,8,87.72
3068,874,86,10,7.98
3069,875,98,5,11.34
3070,875,4,8,26.25
3071,875,10,4,15.42
3072,875,85,8,6.54
3073,875,61,10,48.60
3074,876,82,7,14.01
3075,876,58,3,40.14
3076,876,83,6,2.66
3077,876,5,10,55.38
3078,877,77,10,32.85
3079,878,97,2,26.82
3080,878,98,8,12.15
3081,878,40,6,18.20
3082,878,51,2,22.27
3083,878,89,3,5.06
3084,878,58,8,36.45
3085,879,7,2,67.34
3086,879,82,2,14.25
3087,879,52,9,11.04
3088,879,84,2,5.02
3089,879,61,8,49.05
3090,880,32,10,34.61
3091,880,18,7,34.85
3092,881,58,4,35.63
3093,881,84,7,4.04
3094,881,53,2,67.34
3095,882,29,1,44.83
3096,883,98,5,12.00
3097,883,4,5,24.42
3098,883,77,3,32.12
3099,883,51,7,20.06
3100,883,84,3,5.42
3101,883,58,2,41.11
3102,884,42,6,92.94
3103,884,60,5,18.28
3104,884,69,8,29.63
3105,884,84,8,4.01
3106,885,98,3,15.22
3107,885,70,1,71.86
3108,885,8,7,44.61
3109,885,18,3,37.61
3110,885,60,1,15.89
3111,885,63,1,20.14
3112,886,5,9,59.64
3113,886,31,3,38.26
3114,887,73,4,308.27
3115,887,74,5,9.87
3116,887,87,5,10.22
3117,888,3,2,218.52
3118,888,8,6,45.63
3119,888,40,1,21.33
3120,888,47,6,11.60
3121,888,16,7,41.14
3122,889,99,7,33.99
3123,889,83,4,2.63
3124,889,76,10,16.86
3125,889,77,4,39.63
3126,890,40,5,21.10
3127,890,58,7,40.45
3128,890,12,3,97.08
3129,891,89,8,5.25
3130,891,84,6,4.35
3131,891,86,2,7.41
3132,891,55,2,30.55
3133,892,40,10,18.39
3134,892,34,2,41.07
3135,892,12,5,99.80
3136,892,95,1,19.26
3137,893,34,6,40.26
3138,893,42,7,104.80
3139,893,50,8,116.57
3140,893,84,6,4.20
3141,893,86,2,6.78
3142,893,23,4,47.86
3143,894,86,6,7.77
3144,895,82,8,13.49
3145,895,53,1,69.53
3146,895,100,8,24.42
3147,895,85,4,7.04
3148,896,2,8,73.75
3149,896,47,7,13.76
3150,896,86,10,6.74
3151,896,55,5,30.94
3152,896,29,7,52.18
3153,897,98,7,11.47
3154,897,40,3,18.73
3155,897,30,7,25.07
3156,897,57,3,16.02
3157,897,58,2,35.55
3158,897,94,4,21.92
3159,898,33,3,28.36
3160,898,58,3,34.19
3161,898,97,9,23.48
3162,899,62,1,41.98
3163,899,46,9,23.60
3164,899,77,9,40.26
3165,899,86,10,9.08
3166,900,1,10,52.40
3167,900,34,8,44.63
3168,900,7,7,66.72
3169,900,40,6,20.63
3170,900,42,8,99.45
3171,900,84,5,4.63
3172,901,40,6,20.26
3173,902,81,6,17.38
3174,902,49,3,10.18
3175,902,93,2,51.49
3176,902,55,1,35.45
3177,903,58,3,31.81
3178,903,86,7,7.80
3179,904,32,2,29.85
3180,904,98,2,11.73
3181,904,7,6,81.52
3182,904,50,8,112.44
3183,904,86,2,7.67
3184,904,28,2,88.70
3185,905,24,9,134.38
3186,905,42,9,93.60
3187,905,84,6,4.33
3188,905,93,2,47.16
3189,906,98,3,12.07
3190,906,2,10,84.17
3191,906,60,1,18.01
3192,906,85,5,6.51
3193,907,40,1,21.15
3194,907,69,1,29.86
3195,908,49,1,12.00
3196,909,10,8,15.91
3197,909,85,1,8.38
3198,910,72,3,33.33
3199,910,98,8,13.03
3200,910,40,5,17.25
3201,911,89,8,6.08
3202,911,60,4,16.13
3203,911,47,1,14.77
3204,911,87,10,10.22
3205,912,82,6,13.50
3206,913,8,9,42.99
3207,913,91,10,50.84
3208,913,63,10,18.47
3209,914,18,8,38.63
3210,914,74,2,8.66
3211,915,18,6,32.25
3212,915,94,5,20.63
3213,916,68,8,80.31
3214,916,7,9,82.15
3215,916,77,6,37.18
3216,916,49,10,12.32
3217,916,86,10,7.83
3218,917,64,7,33.27
3219,917,1,6,53.35
3220,917,42,1,104.25
3221,917,47,9,11.69
3222,917,49,2,9.05
3223,917,89,3,6.08
3224,918,5,4,49.03
3225,918,10,5,14.56
3226,918,42,10,89.18
3227,918,86,10,8.88
3228,918,30,3,27.08
3229,919,98,4,15.33
3230,919,26,1,13.65
3231,919,38,6,27.97
3232,920,98,6,12.71
3233,920,34,1,44.94
3234,920,40,7,17.50
3235,920,17,9,172.50
3236,920,85,5,8.19
3237,920,93,4,55.78
3238,921,43,7,57.14
3239,921,84,9,4.18
3240,921,87,10,8.58
3241,921,24,9,155.19
3242,921,30,4,34.34
3243,922,18,5,38.36
3244,923,91,10,58.58
3245,923,12,10,101.50
3246,923,7,3,76.06
3247,924,18,8,30.72
3248,925,40,1,17.10
3249,925,42,10,92.98
3250,925,53,5,71.83
3251,925,31,10,36.85
3252,926,40,2,22.10
3253,926,95,3,22.20
3254,927,48,3,67.27
3255,927,74,5,10.98
3256,927,12,3,104.18
3257,927,42,9,101.63
3258,928,97,8,25.17
3259,928,38,4,34.46
3260,928,74,10,8.19
3261,928,13,9,54.27
3262,928,94,6,22.19
3263,928,95,5,24.17
3264,929,30,2,31.58
3265,930,72,5,34.72
3266,930,89,3,5.41
3267,930,40,2,16.74
3268,931,57,10,14.86
3269,931,34,3,40.59
3270,931,87,10,9.33
3271,932,42,3,107.49
3272,932,82,9,14.35
3273,933,65,2,21.11
3274,933,34,1,42.27
3275,933,69,9,28.70
3276,933,73,1,295.43
3277,933,86,7,7.69
3278,934,33,6,29.10
3279,934,34,10,35.84
3280,934,26,3,16.29
3281,934,60,9,15.64
3282,934,31,7,37.13
3283,935,58,6,39.02
3284,935,66,9,28.92
3285,935,7,9,66.54
3286,936,40,8,18.78
3287,936,98,3,11.85
3288,937,81,8,16.10
3289,938,68,4,69.69
3290,938,84,6,5.27
3291,939,58,2,30.24
3292,939,42,6,97.53
3293,939,43,7,68.58
3294,939,84,5,4.23
3295,939,89,9,5.86
3296,939,26,10,13.89
3297,940,91,3,61.39
3298,940,68,5,67.00
3299,940,12,10,91.36
3300,941,2,1,82.85
3301,941,74,7,8.52
3302,941,46,6,18.17
3303,941,26,1,15.77
3304,941,28,6,88.56
3305,942,8,4,35.21
3306,942,68,1,75.49
3307,942,86,2,8.45
3308,942,31,4,36.12
3309,943,58,8,31.96
3310,943,83,10,2.14
3311,943,28,1,70.49
3312,944,98,1,14.79
3313,944,5,7,51.92
3314,944,43,7,71.42
3315,944,82,9,11.63
3316,944,53,6,70.54
3317,944,22,10,14.47
3318,945,40,7,16.68
3319,945,34,4,43.16
3320,945,26,4,15.07
3321,946,17,10,175.80
3322,946,84,2,4.37
3323,947,40,5,17.81
3324,947,98,4,11.77
3325,947,76,8,18.20
3326,947,42,7,95.60
3327,948,98,5,14.21
3328,948,41,3,33.43
3329,948,46,1,22.42
3330,948,82,7,13.75
3331,948,94,8,21.60
3332,949,89,2,5.05
3333,949,58,8,39.59
3334,949,12,10,109.03
3335,950,73,3,253.98
3336,950,26,4,13.33
3337,951,40,6,17.46
3338,951,10,6,13.71
3339,951,84,9,5.17
3340,951,54,10,59.08
3341,952,48,5,60.05
3342,952,2,6,84.80
3343,952,83,7,2.65
3344,953,59,8,10.94
3345,953,46,9,19.35
3346,954,80,6,33.29
3347,954,40,6,17.51
3348,954,68,6,75.75
3349,954,98,5,13.32
3350,955,12,10,96.25
3351,955,79,1,25.96
3352,956,69,7,30.50
3353,956,6,5,119.83
3354,956,10,9,12.80
3355,956,84,9,5.41
3356,956,52,4,10.46
3357,957,82,6,13.85
3358,957,11,5,71.76
3359,957,6,8,125.43
3360,957,79,7,22.21
3361,958,98,2,15.09
3362,958,45,5,20.38
3363,959,4,3,22.83
3364,959,7,2,75.49
3365,959,42,9,81.62
3366,959,11,1,60.21
3367,959,57,9,16.09
3368,959,62,5,38.38
3369,960,42,6,94.34
3370,960,82,4,14.07
3371,961,33,4,29.88
3372,961,38,7,26.66
3373,961,40,2,18.99
3374,961,43,3,64.91
3375,961,47,3,11.75
3376,961,56,8,23.71
3377,962,67,4,58.56
3378,962,68,6,72.91
3379,962,49,1,11.30
3380,962,84,4,4.56
3381,962,63,4,20.73
3382,963,57,9,15.71
3383,963,26,7,15.44
3384,963,69,6,26.01
3385,964,3,9,171.33
3386,964,69,2,29.86
3387,964,40,7,19.43
3388,964,73,8,314.16
3389,964,19,7,70.31
3390,964,86,1,7.13
3391,965,45,1,19.01
3392,966,86,10,7.88
3393,966,60,10,14.29
3394,966,30,3,32.62
3395,966,84,9,4.72
3396,967,40,4,21.48
3397,967,46,4,23.43
3398,968,81,5,19.15
3399,968,98,3,13.86
3400,968,12,5,101.92
3401,968,58,4,31.93
3402,969,34,6,37.69
3403,969,98,10,12.56
3404,969,69,2,32.47
3405,969,73,10,276.60
3406,969,58,7,37.05
3407,969,93,7,51.71
3408,970,1,10,45.70
3409,970,47,5,13.18
3410,970,86,9,7.19
3411,970,29,5,51.75
3412,970,63,4,21.28
3413,971,73,2,323.54
3414,972,16,7,30.72
3415,972,89,5,6.81
3416,972,52,2,11.89
3417,972,77,9,33.80
3418,973,97,10,23.76
3419,973,68,3,82.54
3420,973,13,9,59.41
3421,973,82,1,10.89
3422,973,89,8,5.39
3423,974,17,10,144.54
3424,975,40,1,18.84
3425,975,46,9,19.56
3426,976,98,3,11.92
3427,976,8,7,42.83
3428,976,24,5,146.26
3429,976,57,9,16.74
3430,976,58,1,33.83
3431,976,95,1,22.71
3432,977,40,8,19.55
3433,977,60,2,17.16
3434,977,22,9,14.82
3435,977,55,10,29.08
3436,978,17,1,162.47
3437,978,52,9,11.51
3438,978,89,1,5.27
3439,978,26,2,13.12
3440,978,61,3,44.46
3441,978,94,7,22.76
3442,979,93,4,48.90
3443,979,69,10,28.93
3444,980,65,8,22.04
3445,980,100,2,30.21
3446,980,29,5,43.19
3447,980,38,3,34.48
3448,981,24,10,148.37
3449,981,33,3,24.88
3450,981,91,8,61.58
3451,982,29,7,49.13
3452,982,38,1,34.60
3453,982,95,7,19.91
3454,983,1,5,53.61
3455,983,97,6,22.05
3456,983,40,7,17.48
3457,983,42,2,89.08
3458,983,18,8,35.55
3459,983,83,5,2.69
3460,984,2,2,79.23
3461,984,36,10,13.97
3462,984,74,8,9.49
3463,984,43,6,58.87
3464,984,86,7,7.30
3465,984,95,4,21.01
3466,985,34,8,39.84
3467,985,5,10,54.07
3468,986,46,3,24.38
3469,986,18,1,29.58
3470,986,53,3,75.51
3471,986,59,7,12.14
3472,986,60,7,14.83
3473,987,2,10,88.72
3474,987,10,4,13.62
3475,987,46,7,24.25
3476,987,49,10,11.08
3477,987,63,10,22.88
3478,988,38,9,29.62
3479,988,80,7,42.41
3480,988,81,8,17.69
3481,988,84,8,5.04
3482,988,86,6,8.13
3483,988,60,7,18.64
3484,989,40,9,17.63
3485,990,98,10,14.70
3486,990,6,2,122.51
3487,991,32,2,36.40
3488,991,58,3,31.89
3489,991,30,1,28.75
3490,992,95,1,20.18
3491,993,98,4,14.63
3492,993,73,5,330.12
3493,993,9,10,44.81
3494,993,82,5,10.80
3495,993,22,4,15.06
3496,993,63,10,20.37
3497,994,40,10,16.34
3498,994,51,6,22.34
3499,994,87,7,11.15
3500,994,95,3,20.23
3501,995,40,1,20.06
3502,995,98,4,13.47
3503,995,95,4,20.50
3504,996,59,7,11.69
3505,997,64,7,34.12
3506,997,40,10,16.89
3507,997,84,9,5.39
3508,997,62,1,45.12
3509,998,99,1,29.42
3510,998,68,7,71.67
3511,998,42,9,93.75
3512,998,11,6,62.69
3513,998,58,3,41.20
3514,998,91,5,58.20
3515,999,40,5,20.95
3516,1000,40,8,20.11
3517,1000,98,6,14.07
3518,1000,75,2,12.82
3519,1000,39,8,9.71
3520,1001,10,4,13.37
3521,1001,67,10,58.34
3522,1001,100,3,29.04
3523,1001,54,3,61.49
3524,1002,64,4,30.10
3525,1002,40,4,18.92
3526,1002,9,3,39.10
3527,1002,86,5,8.63
3528,1002,60,8,15.30
3529,1002,31,10,32.91
3530,1003,84,1,4.72
3531,1004,89,2,5.61
3532,1004,82,1,14.16
3533,1004,58,8,37.96
3534,1004,84,2,4.60
3535,1005,97,6,28.06
3536,1005,4,4,20.18
3537,1005,9,3,47.84
3538,1005,52,10,12.60
3539,1005,58,5,34.07
3540,1006,42,9,106.09
3541,1006,5,9,57.22
3542,1006,98,6,11.29
3543,1007,40,10,17.71
3544,1007,79,6,24.28
3545,1007,82,2,11.50
3546,1007,85,1,8.46
3547,1007,86,8,8.22
3548,1008,6,4,94.28
3549,1009,76,5,17.38
3550,1010,58,4,41.28
3551,1011,98,10,14.16
3552,1011,10,3,13.51
3553,1011,75,1,12.52
3554,1011,22,6,15.71
3555,1011,58,9,40.49
3556,1012,65,9,20.49
3557,1012,98,7,11.33
3558,1012,3,10,187.86
3559,1012,72,2,39.14
3560,1012,43,7,73.45
3561,1013,72,4,33.39
3562,1013,33,7,27.16
3563,1013,75,1,10.20
3564,1014,51,1,20.41
3565,1014,61,9,45.12
3566,1015,83,8,2.73
3567,1016,55,9,39.57
3568,1017,25,10,16.44
3569,1017,98,2,14.24
3570,1017,100,5,27.16
3571,1017,5,2,58.39
3572,1018,32,3,37.37
3573,1019,40,4,20.98
3574,1019,42,2,86.96
3575,1019,12,7,92.17
3576,1019,58,8,30.51
3577,1020,2,6,89.22
3578,1020,34,5,43.84
3579,1020,69,1,30.42
3580,1020,52,3,12.60
3581,1020,24,4,163.00
3582,1020,95,2,18.75
3583,1021,42,4,91.61
3584,1021,10,7,14.37
3585,1021,63,8,22.67
3586,1022,38,10,33.41
3587,1022,18,1,32.13
3588,1022,100,1,25.66
3589,1022,46,7,19.11
3590,1023,81,3,16.29
3591,1024,48,7,57.22
3592,1024,58,1,35.99
3593,1024,53,1,62.56
3594,1025,34,9,36.29
3595,1025,43,2,71.76
3596,1025,42,7,101.00
3597,1025,86,1,7.28
3598,1026,99,4,27.53
3599,1026,18,3,34.91
3600,1026,89,1,5.70
3601,1026,58,6,37.02
3602,1026,60,4,14.69
3603,1027,73,10,330.55
3604,1027,82,3,13.08
3605,1027,59,1,13.49
3606,1027,42,9,82.79
3607,1028,89,5,6.80
3608,1028,50,5,112.79
3609,1028,5,10,57.49
3610,1028,97,1,29.45
3611,1029,40,6,20.33
3612,1029,58,2,32.69
3613,1029,61,1,39.73
3614,1030,33,6,31.69
3615,1030,40,7,18.55
3616,1030,77,3,31.71
3617,1030,58,6,36.89
3618,1030,60,8,14.65
3619,1030,93,1,54.48
3620,1031,73,2,326.25
3621,1031,42,3,106.00
3622,1031,34,7,38.63
3623,1032,48,3,58.81
3624,1033,40,6,22.15
3625,1033,18,1,33.48
3626,1033,46,4,18.65
3627,1033,95,2,22.85
3628,1034,34,6,45.11
3629,1034,47,6,12.74
3630,1034,98,10,13.51
3631,1034,79,3,21.66
3632,1035,10,6,12.90
3633,1035,39,10,10.78
3634,1036,40,4,20.65
3635,1036,42,6,84.24
3636,1036,7,8,78.23
3637,1037,98,9,14.00
3638,1037,7,9,76.89
3639,1037,10,5,13.58
3640,1037,77,7,39.46
3641,1037,18,7,34.29
3642,1038,42,10,108.14
3643,1038,18,9,33.39
3644,1038,34,9,40.58
3645,1039,42,3,95.57
3646,1040,72,2,40.88
3647,1040,100,4,27.17
3648,1041,85,3,6.52
3649,1042,41,4,32.25
3650,1042,3,3,179.56
3651,1043,33,3,26.40
3652,1043,100,3,29.94
3653,1043,70,3,77.93
3654,1043,73,8,326.61
3655,1043,75,10,11.09
3656,1043,45,5,22.30
3657,1044,97,3,26.77
3658,1044,47,9,11.91
3659,1045,34,10,36.97
3660,1045,68,1,63.51
3661,1045,5,10,45.16
3662,1046,34,5,41.31
3663,1046,84,5,4.19
3664,1047,58,8,30.25
3665,1047,93,6,49.75
3666,1047,68,6,81.18
3667,1047,61,6,49.96
3668,1048,7,6,83.62
3669,1048,95,10,21.18
3670,1049,33,5,27.61
3671,1049,3,4,229.54
3672,1049,9,3,44.05
3673,1049,76,7,20.02
3674,1049,58,3,41.37
3675,1050,51,2,20.10
3676,1050,54,9,52.15
3677,1051,33,4,27.33
3678,1051,98,1,12.88
3679,1051,40,6,18.16
3680,1051,45,9,19.05
3681,1051,47,3,14.27
3682,1051,53,2,68.81
3683,1052,67,7,55.53
3684,1052,6,6,110.54
3685,1052,40,7,19.20
3686,1052,84,3,4.66
3687,1052,86,1,7.54
3688,1052,95,7,23.95
3689,1053,2,4,83.17
3690,1053,5,6,57.38
3691,1054,98,10,11.58
3692,1054,40,6,18.85
3693,1054,45,10,21.91
3694,1054,46,9,19.59
3695,1054,86,10,8.91
3696,1054,87,10,10.72
3697,1055,100,9,24.77
3698,1055,40,10,18.72
3699,1055,84,6,5.09
3700,1055,53,1,72.64
3701,1055,58,10,39.94
3702,1055,60,4,17.52
3703,1056,84,4,4.64
3704,1056,86,4,6.93
3705,1057,39,9,12.21
3706,1057,42,2,105.83
3707,1057,18,2,35.14
3708,1057,24,5,136.22
3709,1057,58,6,36.50
3710,1058,1,8,42.81
3711,1058,38,3,30.77
3712,1059,86,5,9.03
3713,1059,95,5,24.61
3714,1060,98,7,11.96
3715,1060,86,9,8.39
3716,1061,18,9,32.91
3717,1061,84,1,4.95
3718,1061,54,9,50.72
3719,1061,87,5,11.59
3720,1061,58,9,30.91
3721,1061,95,2,18.54
3722,1062,32,9,34.39
3723,1062,40,5,22.02
3724,1062,42,6,93.21
3725,1062,77,8,35.73
3726,1062,82,10,12.98
3727,1062,60,7,17.90
3728,1063,58,10,41.12
3729,1063,93,8,58.49
3730,1064,32,9,28.83
3731,1064,85,3,6.43
3732,1065,2,6,74.54
3733,1065,11,9,68.80
3734,1065,45,5,20.64
3735,1065,46,9,20.42
3736,1066,40,3,16.74
3737,1066,41,7,29.86
3738,1066,82,1,11.60
3739,1066,54,9,46.02
3740,1067,40,1,16.94
3741,1067,58,7,34.18
3742,1067,84,5,4.56
3743,1067,46,3,20.38
3744,1068,89,9,5.51
3745,1068,94,8,20.24
3746,1069,1,7,44.81
3747,1069,84,7,5.35
3748,1069,86,4,6.66
3749,1070,80,4,38.89
3750,1070,89,1,5.78
3751,1070,86,5,8.80
3752,1071,33,1,24.61
3753,1071,67,6,65.49
3754,1071,23,9,60.37
3755,1072,34,5,35.51
3756,1072,98,1,14.11
3757,1072,40,7,19.67
3758,1072,81,10,18.14
3759,1072,84,8,4.69
3760,1073,100,6,23.51
3761,1073,40,5,18.49
3762,1073,19,5,83.27
3763,1073,58,1,33.74
3764,1073,91,6,53.21
3765,1074,82,6,10.58
3766,1074,99,4,31.97
3767,1074,54,1,54.84
3768,1074,98,10,15.04
3769,1075,68,1,67.57
3770,1075,5,2,57.33
3771,1075,47,9,12.45
3772,1075,83,3,2.54
3773,1075,25,5,14.57
3774,1075,63,1,20.97
3775,1076,40,8,20.64
3776,1076,12,9,104.10
3777,1076,5,6,51.30
3778,1076,30,2,30.69
3779,1077,40,9,16.16
3780,1077,47,3,14.10
3781,1077,56,6,26.92
3782,1077,24,9,157.01
3783,1077,58,9,40.02
3784,1077,95,5,23.70
3785,1078,59,4,10.49
3786,1079,98,6,14.40
3787,1079,47,7,13.97
3788,1080,64,4,34.85
3789,1080,40,7,20.37
3790,1080,12,10,101.84
3791,1080,50,2,97.61
3792,1080,86,9,7.54
3793,1080,57,2,17.17
3794,1081,58,6,39.45
3795,1081,84,7,4.83
3796,1081,93,10,54.58
3797,1081,22,7,18.94
3798,1082,34,8,36.48
3799,1082,50,10,94.40
3800,1083,98,1,14.78
3801,1083,3,7,169.90
3802,1083,52,5,10.65
3803,1083,22,9,19.14
3804,1083,26,8,14.86
3805,1084,69,8,31.11
3806,1085,9,6,40.72
3807,1085,74,10,9.07
3808,1085,60,9,16.60
3809,1085,84,1,4.79
3810,1086,8,10,39.16
3811,1086,82,10,10.75
3812,1086,50,9,100.62
3813,1086,60,7,19.01
3814,1087,58,9,35.86
3815,1087,45,7,21.35
3816,1088,89,8,6.82
3817,1088,58,3,34.65
3818,1089,60,10,14.81
3819,1089,70,6,70.25
3820,1090,91,7,54.21
3821,1090,11,2,71.13
3822,1090,84,3,4.75
3823,1090,23,1,61.86
3824,1090,58,8,37.48
3825,1090,59,7,9.92
3826,1091,90,10,6.43
3827,1091,76,8,16.29
3828,1091,60,10,17.93
3829,1091,87,7,10.26
3830,1092,34,5,45.63
3831,1092,68,8,75.33
3832,1092,40,4,21.71
3833,1092,75,1,12.32
3834,1092,62,6,38.83
3835,1093,56,4,22.21
3836,1093,57,8,14.37
3837,1093,46,8,18.26
3838,1093,79,2,24.68
3839,1094,68,2,81.59
3840,1094,86,6,7.42
3841,1095,4,8,20.21
3842,1095,69,4,31.75
3843,1095,5,5,52.62
3844,1095,40,5,17.73
3845,1095,18,9,32.04
3846,1095,87,2,10.21
3847,1096,40,8,18.00
3848,1097,68,3,77.49
3849,1098,98,4,14.88
3850,1098,84,8,4.58
3851,1099,40,9,20.67
3852,1100,66,1,26.47
3853,1100,5,3,58.52
3854,1100,10,5,12.84
3855,1100,49,5,11.74
3856,1100,91,9,51.39
3857,1101,40,4,17.91
3858,1101,98,7,14.75
3859,1101,60,7,17.65
3860,1102,8,6,36.73
3861,1102,33,8,28.39
3862,1102,86,4,7.87
3863,1103,40,6,21.85
3864,1104,24,4,151.36
3865,1104,75,7,10.10
3866,1104,69,4,35.07
3867,1104,95,3,23.05
3868,1105,40,4,21.11
3869,1105,42,2,86.62
3870,1105,74,6,9.26
3871,1105,86,6,6.79
3872,1105,24,5,149.74
3873,1106,98,7,12.55
3874,1106,38,5,34.83
3875,1106,42,2,93.13
3876,1106,47,10,12.42
3877,1106,95,5,20.63
3878,1107,65,1,17.58
3879,1107,98,3,15.29
3880,1107,40,2,16.60
3881,1107,8,9,40.26
3882,1107,11,5,55.43
3883,1107,17,2,188.99
3884,1108,40,8,17.79
3885,1108,84,1,4.56
3886,1109,32,10,38.86
3887,1109,3,3,218.58
3888,1109,49,5,10.83
3889,1109,53,4,69.52
3890,1109,86,1,9.03
3891,1109,60,7,18.10
3892,1110,98,9,12.07
3893,1110,3,7,223.63
3894,1110,40,8,18.42
3895,1110,75,7,10.17
3896,1110,79,7,29.03
3897,1110,60,2,16.14
3898,1111,21,7,94.32
3899,1112,40,3,21.71
3900,1112,86,3,8.58
3901,1113,98,10,12.42
3902,1113,70,2,83.72
3903,1114,98,7,13.62
3904,1114,79,10,25.04
3905,1115,2,2,85.83
3906,1115,40,1,17.80
3907,1115,10,4,14.55
3908,1115,49,6,9.85
3909,1115,52,5,9.74
3910,1115,22,6,19.02
3911,1116,16,8,35.07
3912,1116,21,7,108.19
3913,1116,93,10,47.87
3914,1116,86,6,8.07
3915,1117,40,8,17.24
3916,1117,42,5,92.73
3917,1117,24,5,158.15
3918,1117,60,1,17.03
3919,1117,62,9,36.26
3920,1117,95,3,20.41
3921,1118,98,7,14.98
3922,1118,70,3,82.07
3923,1118,40,9,19.36
3924,1118,79,1,22.98
3925,1118,84,4,4.43
3926,1118,86,2,8.99
3927,1119,40,6,20.35
3928,1119,98,5,14.18
3929,1119,80,4,40.48
3930,1120,40,10,20.35
3931,1120,17,9,165.98
3932,1121,40,1,16.18
3933,1121,8,5,42.61
3934,1121,90,8,6.90
3935,1121,60,7,17.26
3936,1122,56,9,20.88
3937,1123,7,4,74.54
3938,1123,77,4,30.91
3939,1123,55,6,35.40
3940,1124,98,7,12.34
3941,1125,58,9,35.64
3942,1125,26,8,12.38
3943,1125,84,10,4.13
3944,1125,13,9,55.58
3945,1126,18,7,37.02
3946,1126,83,1,2.57
3947,1126,47,7,11.58
3948,1127,98,4,12.04
3949,1127,68,1,61.63
3950,1127,36,4,12.58
3951,1127,10,9,12.06
3952,1127,86,6,7.69
3953,1128,97,2,24.05
3954,1128,69,3,26.70
3955,1128,72,7,31.34
3956,1128,73,2,295.18
3957,1128,40,5,18.04
3958,1128,19,10,77.87
3959,1129,38,9,34.86
3960,1129,12,3,93.14
3961,1129,47,5,14.51
3962,1129,21,6,85.58
3963,1129,89,10,5.45
3964,1130,28,3,74.15
3965,1130,29,2,50.42
3966,1131,33,10,25.95
3967,1131,81,4,15.19
3968,1131,82,6,13.05
3969,1131,17,7,151.29
3970,1131,87,2,11.54
3971,1131,58,3,39.15
3972,1132,80,7,43.63
3973,1132,39,6,12.13
3974,1133,33,5,27.67
3975,1133,29,7,49.73
3976,1134,26,7,14.67
3977,1135,86,4,8.97
3978,1135,26,8,14.00
3979,1135,30,8,30.94
3980,1135,7,4,76.61
3981,1136,64,8,27.17
3982,1136,58,6,39.53
3983,1136,68,2,70.66
3984,1137,72,6,35.73
3985,1137,98,2,13.66
3986,1137,100,7,24.85
3987,1138,42,1,100.77
3988,1138,38,7,32.58
3989,1139,40,6,21.27
3990,1139,42,8,86.13
3991,1139,84,5,5.15
3992,1139,38,7,35.60
3993,1140,40,7,20.36
3994,1140,58,10,31.58
3995,1140,68,6,74.04
3996,1140,77,3,38.34
3997,1141,32,10,32.41
3998,1141,97,2,22.93
3999,1141,82,2,11.86
4000,1142,89,7,6.33
4001,1142,67,9,68.39
4002,1143,40,7,20.13
4003,1143,33,9,29.01
4004,1144,3,8,186.25
4005,1144,69,4,31.48
4006,1144,43,9,66.29
4007,1144,47,2,14.24
4008,1144,84,6,4.60
4009,1144,58,9,39.87
4010,1145,13,9,59.33
4011,1146,3,3,197.28
4012,1146,42,1,104.90
4013,1146,50,5,122.32
4014,1146,52,7,11.43
4015,1146,85,9,8.21
4016,1146,31,1,39.78
4017,1147,33,5,25.17
4018,1147,40,4,18.55
4019,1147,42,5,99.33
4020,1147,18,8,36.43
4021,1147,95,6,20.91
4022,1148,40,7,17.93
4023,1148,86,4,7.12
4024,1148,22,8,17.65
4025,1148,24,10,127.55
4026,1148,87,10,11.24
4027,1148,60,5,17.15
4028,1149,33,5,31.47
4029,1150,69,5,34.58
4030,1150,10,2,14.33
4031,1150,46,8,22.39
4032,1150,87,1,11.65
4033,1150,29,9,46.73
4034,1151,16,7,31.86
4035,1151,33,6,25.03
4036,1152,3,2,204.42
4037,1152,40,4,17.31
4038,1152,77,5,33.00
4039,1152,45,7,19.36
4040,1152,59,4,12.99
4041,1153,40,2,16.51
4042,1153,72,8,41.09
4043,1153,12,1,108.39
4044,1153,84,5,4.09
4045,1153,86,2,8.87
4046,1153,58,1,31.32
4047,1154,75,1,10.02
4048,1154,60,5,14.12
4049,1154,68,3,76.45
4050,1155,22,7,17.45
4051,1156,98,10,15.36
4052,1156,4,4,23.93
4053,1156,58,2,33.44
4054,1156,45,4,24.33
4055,1157,40,3,19.49
4056,1157,82,4,14.45
4057,1157,55,2,32.53
4058,1158,8,10,45.94
4059,1158,99,9,27.94
4060,1158,12,2,101.15
4061,1158,53,8,62.42
4062,1159,89,8,6.68
4063,1160,32,2,29.72
4064,1161,98,1,13.24
4065,1161,100,9,23.95
4066,1161,70,2,84.02
4067,1161,40,2,17.89
4068,1161,86,9,6.94
4069,1162,40,10,20.35
4070,1162,19,7,75.09
4071,1162,53,9,65.60
4072,1162,87,7,9.67
4073,1163,89,2,6.06
4074,1163,10,8,11.98
4075,1163,30,2,27.80
4076,1164,99,1,30.45
4077,1164,38,4,27.19
4078,1164,40,6,16.63
4079,1164,18,1,30.46
4080,1164,23,7,54.68
4081,1164,60,3,18.90
4082,1165,8,3,48.05
4083,1165,58,8,38.71
4084,1165,40,2,20.61
4085,1165,86,6,6.62
4086,1166,98,9,13.25
4087,1166,53,10,68.12
4088,1166,86,9,7.30
4089,1167,55,10,39.76
4090,1167,61,1,41.10
4091,1167,47,2,11.12
4092,1168,98,4,15.16
4093,1168,100,9,25.68
4094,1168,40,3,17.93
4095,1168,74,3,10.70
4096,1168,49,2,10.53
4097,1169,41,5,31.01
4098,1169,83,1,2.37
4099,1169,45,1,21.11
4100,1169,23,5,48.85
4101,1170,86,7,6.63
4102,1171,98,2,13.45
4103,1171,68,1,81.53
4104,1171,40,7,22.00
4105,1171,84,10,4.60
4106,1171,89,5,5.13
4107,1172,53,1,66.85
4108,1173,18,3,37.35
4109,1173,77,3,31.52
4110,1173,46,3,21.93
4111,1173,30,3,26.61
4112,1174,40,10,17.30
4113,1174,2,5,80.33
4114,1174,23,5,47.94
4115,1175,5,5,56.50
4116,1176,17,4,179.07
4117,1176,42,1,91.86
4118,1176,84,6,5.22
4119,1176,61,8,40.73
4120,1177,25,1,15.84
4121,1177,67,7,65.38
4122,1178,73,9,339.84
4123,1178,18,10,38.51
4124,1178,68,9,78.82
4125,1179,98,2,11.35
4126,1179,3,5,169.13
4127,1180,64,6,34.16
4128,1181,40,3,21.41
4129,1181,62,9,43.43
4130,1182,98,8,12.39
4131,1183,65,9,18.71
4132,1183,46,10,22.76
4133,1183,80,7,36.03
4134,1183,49,6,9.77
4135,1183,58,9,35.77
4136,1184,3,4,176.81
4137,1184,100,10,29.56
4138,1184,75,8,12.36
4139,1184,17,4,154.96
4140,1184,50,7,118.22
4141,1184,60,1,16.97
4142,1185,58,6,40.49
4143,1185,86,5,8.09
4144,1185,98,1,14.23
4145,1186,1,10,56.74
4146,1186,46,5,22.51
4147,1186,82,3,11.94
4148,1186,30,9,29.84
4149,1186,94,7,19.24
4150,1187,79,7,24.25
4151,1188,40,7,16.40
4152,1188,49,8,10.09
4153,1188,36,4,14.25
4154,1188,47,9,12.72
4155,1189,40,1,21.58
4156,1190,40,4,19.23
4157,1190,66,7,26.74
4158,1191,67,3,59.85
4159,1191,40,1,18.09
4160,1191,84,3,4.78
4161,1191,87,3,9.26
4162,1191,63,3,22.83
4163,1192,40,2,16.33
4164,1192,1,3,48.76
4165,1193,16,10,40.69
4166,1193,40,9,16.79
4167,1193,38,8,29.79
4168,1194,3,8,178.59
4169,1194,60,7,16.80
4170,1194,87,5,8.54
4171,1195,8,4,48.03
4172,1195,42,3,88.04
4173,1196,34,9,35.68
4174,1196,69,3,34.68
4175,1196,40,4,19.31
4176,1196,84,1,4.05
4177,1196,29,3,54.32
4178,1197,12,8,93.71
4179,1197,47,3,12.21
4180,1197,29,3,49.59
4181,1197,93,2,44.69
4182,1197,63,9,19.67
4183,1198,41,3,29.72
4184,1198,95,7,24.34
4185,1199,33,1,31.46
4186,1199,99,2,36.75
4187,1199,43,10,70.79
4188,1199,86,1,7.01
4189,1199,89,6,5.58
4190,1200,29,2,41.16
4191,1201,34,1,35.71
4192,1201,36,1,12.35
4193,1201,42,10,86.88
4194,1201,16,7,38.11
4195,1201,60,3,14.39
4196,1201,61,6,40.58
4197,1202,8,6,44.66
4198,1202,73,5,341.08
4199,1202,76,8,15.53
4200,1202,69,10,31.38
4201,1203,40,4,20.85
4202,1203,34,4,36.38
4203,1204,98,8,14.03
4204,1205,40,5,17.89
4205,1205,97,8,28.52
4206,1205,58,2,30.29
4207,1205,10,6,14.54
4208,1206,73,2,259.91
4209,1206,69,8,32.25
4210,1207,40,7,20.06
4211,1207,98,1,11.56
4212,1207,75,3,12.58
4213,1207,68,6,74.09
4214,1208,58,3,30.82
4215,1208,10,2,12.91
4216,1208,77,9,34.33
4217,1208,46,8,22.80
4218,1209,42,7,106.45
4219,1210,40,8,17.34
4220,1210,19,6,72.75
4221,1211,66,6,28.17
4222,1211,42,8,93.90
4223,1211,77,5,30.88
4224,1211,23,10,62.40
4225,1211,89,1,5.60
4226,1212,3,8,214.57
4227,1213,82,3,12.75
4228,1213,84,2,5.29
4229,1213,38,5,28.49
4230,1214,40,3,19.84
4231,1214,42,9,110.87
4232,1214,68,2,77.77
4233,1214,55,9,34.40
4234,1215,84,2,4.50
4235,1215,54,6,60.07
4236,1216,97,5,22.47
4237,1216,21,1,105.52
4238,1217,24,4,140.84
4239,1217,40,6,21.41
4240,1217,85,3,6.44
4241,1217,47,5,13.00
4242,1218,33,6,26.31
4243,1218,98,6,14.13
4244,1218,85,7,8.48
4245,1219,46,5,19.26
4246,1219,51,10,24.25
4247,1219,56,6,22.69
4248,1219,58,1,39.53
4249,1219,60,3,15.47
4250,1220,1,6,50.53
4251,1220,18,6,32.21
4252,1220,46,3,24.02
4253,1221,6,6,102.03
4254,1221,46,10,22.95
4255,1221,48,4,61.68
4256,1221,18,5,30.88
4257,1221,54,2,59.80
4258,1221,60,2,14.55
4259,1222,42,3,81.41
4260,1222,84,5,5.16
4261,1222,47,8,14.67
4262,1223,99,6,29.83
4263,1223,69,10,35.18
4264,1223,72,3,36.42
4265,1223,73,9,285.16
4266,1223,89,1,5.56
4267,1224,19,9,77.17
4268,1224,34,3,43.44
4269,1224,3,4,216.31
4270,1224,62,3,39.13
4271,1225,7,8,71.38
4272,1225,40,4,16.21
4273,1225,74,4,9.35
4274,1225,43,9,67.40
4275,1225,76,1,18.00
4276,1225,59,3,10.31
4277,1226,98,9,11.49
4278,1226,3,5,186.01
4279,1227,42,9,110.68
4280,1227,38,4,28.46
4281,1228,42,9,96.81
4282,1228,69,8,31.63
4283,1228,98,2,14.34
4284,1228,87,7,10.72
4285,1229,87,5,10.54
4286,1230,97,7,29.72
4287,1230,3,1,185.24
4288,1230,91,4,47.25
4289,1230,61,10,40.03
4290,1230,94,2,18.87
4291,1231,98,5,15.08
4292,1231,10,8,13.55
4293,1231,42,9,91.80
4294,1231,86,1,8.39
4295,1231,90,1,7.60
4296,1232,80,1,40.44
4297,1232,98,2,12.49
4298,1233,40,2,17.78
4299,1234,40,6,20.29
4300,1234,94,2,17.76
4301,1234,46,4,20.04
4302,1235,40,7,16.21
4303,1235,64,6,30.40
4304,1235,31,8,33.96
4305,1235,55,8,30.25
4306,1236,98,2,14.62
4307,1236,5,10,50.77
4308,1236,40,9,19.33
4309,1236,12,4,109.90
4310,1236,93,2,52.27
4311,1237,42,7,105.63
4312,1237,12,10,92.22
4313,1237,98,7,13.70
4314,1237,47,10,12.80
4315,1238,32,9,28.59
4316,1238,5,4,47.51
4317,1238,40,9,17.68
4318,1238,76,6,15.91
4319,1238,46,8,21.04
4320,1238,52,9,12.04
4321,1239,98,10,13.73
4322,1239,99,9,34.72
4323,1239,38,3,28.06
4324,1240,51,9,21.93
4325,1240,43,6,54.72
4326,1240,84,5,4.79
4327,1240,21,7,113.80
4328,1241,32,9,29.90
4329,1241,1,3,46.99
4330,1241,53,8,74.46
4331,1241,89,7,5.35
4332,1241,90,9,7.34
4333,1242,34,9,36.24
4334,1242,66,5,25.82
4335,1242,40,4,18.72
4336,1242,75,9,9.74
4337,1242,86,4,7.77
4338,1242,25,1,17.54
4339,1243,97,4,25.42
4340,1243,2,3,79.45
4341,1243,98,8,15.30
4342,1243,77,2,35.21
4343,1243,18,9,29.44
4344,1244,80,7,41.38
4345,1244,18,10,30.26
4346,1244,21,8,86.35
4347,1245,22,3,14.68
4348,1246,33,8,30.73
4349,1246,69,8,33.98
4350,1246,6,2,128.57
4351,1246,40,7,20.72
4352,1246,21,10,113.98
4353,1246,89,8,6.11
4354,1247,42,7,102.91
4355,1248,50,10,100.40
4356,1248,84,7,4.89
4357,1248,45,4,21.43
4358,1249,40,3,20.45
4359,1249,2,5,69.73
4360,1250,42,4,103.00
4361,1250,99,10,34.82
4362,1251,98,10,14.82
4363,1251,29,5,41.63
4364,1252,74,6,9.51
4365,1252,99,8,33.94
4366,1253,67,2,56.63
4367,1253,36,7,12.54
4368,1253,6,3,118.83
4369,1253,17,1,163.91
4370,1253,54,3,53.67
4371,1253,95,9,20.94
4372,1254,69,4,34.12
4373,1254,76,5,16.80
4374,1254,87,4,10.11
4375,1254,60,2,15.74
4376,1254,95,2,22.30
4377,1255,59,4,10.83
4378,1255,52,9,12.98
4379,1255,12,7,119.13
4380,1256,34,2,45.98
4381,1256,69,8,34.89
4382,1256,23,7,59.68
4383,1257,42,10,91.43
4384,1257,43,8,72.05
4385,1257,84,5,4.98
4386,1257,21,1,84.48
4387,1258,68,7,76.69
4388,1258,69,6,33.41
4389,1258,11,1,55.72
4390,1258,21,6,102.11
4391,1258,58,3,33.31
4392,1258,91,2,53.74
4393,1259,32,4,35.98
4394,1259,98,7,12.63
4395,1259,68,4,80.79
4396,1259,7,4,70.94
4397,1260,12,1,90.40
4398,1261,6,1,97.89
4399,1261,8,5,45.57
4400,1261,47,9,14.51
4401,1261,86,3,9.02
4402,1261,60,4,16.61
4403,1262,40,3,19.77
4404,1262,73,1,308.74
4405,1262,91,4,55.88
4406,1263,98,8,14.27
4407,1264,26,1,16.17
4408,1264,36,2,14.70
4409,1264,46,3,19.12
4410,1264,47,7,13.77
4411,1265,8,5,46.68
4412,1265,84,1,5.13
4413,1265,87,4,11.27
4414,1265,89,2,5.15
4415,1265,59,6,10.03
4416,1266,33,10,32.46
4417,1266,36,9,14.41
4418,1266,47,3,12.19
4419,1266,84,10,4.13
4420,1266,89,5,6.87
4421,1266,58,7,31.73
4422,1267,34,7,44.06
4423,1267,3,7,218.70
4424,1267,100,2,26.64
4425,1267,40,8,19.22
4426,1267,80,3,38.21
4427,1268,33,2,27.29
4428,1268,98,7,14.36
4429,1268,68,3,81.58
4430,1268,47,7,12.89
4431,1268,86,3,7.04
4432,1268,58,7,32.22
4433,1269,57,8,16.04
4434,1269,59,2,12.28
4435,1269,86,6,8.97
4436,1269,47,9,11.69
4437,1270,50,6,98.56
4438,1270,94,2,20.09
4439,1270,58,6,31.68
4440,1270,60,8,17.11
4441,1270,61,7,44.58
4442,1270,62,10,37.59
4443,1271,97,9,24.71
4444,1271,42,1,82.03
4445,1271,3,5,225.74
4446,1271,86,8,6.93
4447,1272,94,6,21.43
4448,1273,9,6,42.95
4449,1273,58,6,39.95
4450,1273,30,9,32.48
4451,1273,86,2,7.94
4452,1274,98,10,11.46
4453,1274,58,5,32.22
4454,1274,5,3,53.90
4455,1274,41,8,32.60
4456,1274,17,8,171.46
4457,1274,90,8,7.15
4458,1275,64,3,31.61
4459,1276,66,9,23.21
4460,1276,80,1,38.13
4461,1276,18,3,33.37
4462,1276,22,1,17.51
4463,1276,31,10,34.19
4464,1277,34,10,37.06
4465,1277,29,2,43.68
4466,1277,22,1,17.84
4467,1278,25,3,13.91
4468,1278,84,3,5.20
4469,1278,5,7,59.03
4470,1278,55,10,30.57
4471,1279,42,6,111.58
4472,1279,51,2,22.02
4473,1279,84,5,5.19
4474,1279,66,10,25.27
4475,1280,39,9,12.27
4476,1280,69,4,34.51
4477,1280,95,5,20.67
4478,1281,40,7,16.53
4479,1281,33,9,29.98
4480,1281,98,7,15.41
4481,1282,56,9,27.18
4482,1282,98,5,12.12
4483,1282,68,4,74.27
4484,1283,98,7,13.37
4485,1283,40,5,22.06
4486,1283,46,4,21.69
4487,1283,47,8,11.63
4488,1283,24,9,142.73
4489,1283,58,9,35.47
4490,1284,40,5,19.53
4491,1284,46,7,20.22
4492,1284,85,6,8.64
4493,1284,24,1,160.64
4494,1284,93,5,50.16
4495,1285,41,9,33.35
4496,1285,84,8,4.39
4497,1285,77,1,31.80
4498,1286,50,10,99.87
4499,1287,73,8,292.03
4500,1287,59,10,13.26
4501,1288,40,4,20.28
4502,1288,65,1,21.26
4503,1288,84,3,4.08
4504,1289,40,1,20.31
4505,1289,58,6,33.53
4506,1289,69,3,26.00
4507,1290,33,4,29.45
4508,1290,34,8,45.31
4509,1290,8,6,43.09
4510,1290,12,2,94.71
4511,1290,95,4,18.96
4512,1291,3,7,177.01
4513,1291,100,7,29.70
4514,1291,40,6,21.62
4515,1291,86,1,6.89
4516,1291,25,8,15.50
4517,1291,93,4,47.96
4518,1292,98,2,14.76
4519,1292,40,6,19.67
4520,1292,76,8,16.07
4521,1292,82,5,13.15
4522,1292,84,6,4.50
4523,1293,33,7,24.35
4524,1293,82,3,11.06
4525,1293,49,2,10.85
4526,1294,50,6,119.03
4527,1294,12,6,116.02
4528,1294,38,3,35.99
4529,1294,87,5,10.92
4530,1295,26,9,13.95
4531,1296,56,3,23.88
4532,1296,58,10,30.30
4533,1296,84,7,5.38
4534,1297,34,10,46.59
4535,1297,3,2,188.76
4536,1297,47,8,12.79
4537,1297,87,5,11.49
4538,1297,61,6,42.74
4539,1298,97,4,25.11
4540,1298,74,2,10.17
4541,1298,21,4,114.39
4542,1298,86,4,7.31
4543,1298,60,9,18.18
4544,1298,63,9,22.95
4545,1299,40,2,18.22
4546,1300,36,9,15.48
4547,1300,5,4,46.98
4548,1300,40,5,16.78
4549,1300,22,6,15.13
4550,1300,23,8,61.00
4551,1300,62,3,38.30
4552,1301,40,4,19.94
4553,1301,16,9,40.95
4554,1301,82,4,13.88
4555,1301,60,4,17.24
4556,1301,62,10,39.02
4557,1302,34,3,43.51
4558,1302,84,10,4.98
4559,1302,93,2,52.28
4560,1303,67,3,59.26
4561,1303,69,6,29.54
4562,1303,70,8,90.62
4563,1303,40,3,17.43
4564,1303,46,7,21.64
4565,1303,17,10,149.15
4566,1304,82,8,13.40
4567,1305,86,9,6.86
4568,1305,23,10,51.75
4569,1306,84,8,4.65
4570,1307,19,8,82.94
4571,1307,17,8,167.53
4572,1307,3,6,208.09
4573,1307,84,10,5.25
4574,1308,6,3,100.13
4575,1308,7,7,80.13
4576,1308,40,9,20.63
4577,1308,10,8,12.90
4578,1308,86,1,7.99
4579,1308,89,5,6.68
4580,1309,7,1,67.60
4581,1309,40,10,17.78
4582,1309,43,4,69.62
4583,1309,49,8,9.94
4584,1309,55,5,36.46
4585,1309,60,9,17.13
4586,1310,34,3,45.38
4587,1310,5,2,51.46
4588,1310,77,6,30.49
4589,1310,47,4,11.40
4590,1310,55,1,32.12
4591,1310,93,5,45.92
4592,1311,12,9,106.24
4593,1311,22,4,15.33
4594,1312,58,2,32.37
4595,1312,4,7,25.97
4596,1313,2,2,82.44
4597,1313,46,8,22.59
4598,1313,18,7,38.62
4599,1313,84,8,4.88
4600,1313,58,10,38.61
4601,1314,3,1,212.73
4602,1314,5,1,60.06
4603,1314,39,7,11.32
4604,1314,40,9,17.60
4605,1314,18,1,32.02
4606,1314,53,9,72.24
4607,1315,40,10,16.80
4608,1315,10,10,15.15
4609,1315,50,5,99.34
4610,1315,58,6,34.23
4611,1315,29,8,46.86
4612,1316,40,2,18.49
4613,1316,63,8,20.90
4614,1317,48,9,55.24
4615,1317,34,3,41.10
4616,1317,70,4,91.60
4617,1317,55,7,35.43
4618,1318,19,7,80.01
4619,1319,54,4,52.90
4620,1319,58,9,36.30
4621,1319,42,5,95.84
4622,1319,98,1,14.76
4623,1320,33,5,29.98
4624,1320,79,2,26.46
4625,1321,40,4,17.38
4626,1321,42,2,81.31
4627,1321,54,8,46.35
4628,1322,69,5,29.40
4629,1322,84,2,4.75
4630,1322,28,9,79.73
4631,1322,70,4,88.75
4632,1323,40,10,19.56
4633,1323,58,8,35.91
4634,1323,3,4,225.91
4635,1323,38,9,30.18
4636,1324,40,10,17.47
4637,1324,1,4,56.05
4638,1325,72,3,42.37
4639,1325,10,10,15.27
4640,1325,40,3,16.82
4641,1325,79,1,25.00
4642,1326,40,3,16.44
4643,1326,8,2,42.55
4644,1326,34,3,41.66
4645,1326,95,3,19.08
4646,1327,57,8,15.32
4647,1327,3,7,211.43
4648,1327,53,8,69.26
4649,1328,58,9,39.60
4650,1328,69,10,32.12
4651,1328,79,5,24.95
4652,1329,64,2,26.49
4653,1329,7,9,64.63
4654,1329,24,6,160.05
4655,1329,89,6,6.87
4656,1329,63,2,20.37
4657,1330,2,4,67.65
4658,1330,100,6,27.94
4659,1330,68,4,70.70
4660,1330,94,7,17.16
4661,1330,63,2,18.34
4662,1331,98,6,12.83
4663,1331,60,3,16.21
4664,1332,40,4,19.61
4665,1332,9,10,42.10
4666,1332,46,10,22.58
4667,1332,54,9,46.04
4668,1332,89,3,6.86
4669,1332,58,2,38.03
4670,1333,2,8,67.65
4671,1333,67,3,57.00
4672,1334,42,4,105.74
4673,1335,97,6,28.71
4674,1335,51,1,20.44
4675,1335,36,1,15.83
4676,1335,85,10,7.02
4677,1336,36,10,15.45
4678,1337,82,6,12.51
4679,1337,42,4,102.46
4680,1337,84,10,5.00
4681,1338,40,3,19.79
4682,1338,80,6,35.06
4683,1338,82,6,13.59
4684,1338,18,5,29.28
4685,1338,53,10,57.11
4686,1339,98,7,13.37
4687,1339,38,2,35.34
4688,1339,40,3,21.09
4689,1339,8,7,44.22
4690,1339,81,2,19.09
4691,1339,91,7,57.15
4692,1340,40,4,17.70
4693,1340,59,9,12.58
4694,1341,40,10,20.83
4695,1341,42,8,88.67
4696,1341,12,9,108.31
4697,1342,64,9,33.00
4698,1342,68,5,72.05
4699,1342,41,1,36.60
4700,1342,47,10,13.31
4701,1342,81,3,17.96
4702,1342,84,8,5.03
4703,1343,40,7,21.74
4704,1343,66,2,26.08
4705,1343,94,4,16.99
4706,1343,98,10,12.19
4707,1344,72,4,32.43
4708,1344,3,1,212.06
4709,1344,30,3,31.59
4710,1344,47,3,12.25
4711,1345,58,1,38.30
4712,1345,40,4,18.63
4713,1345,72,4,33.17
4714,1345,84,5,4.63
4715,1345,87,2,11.37
4716,1345,26,2,16.05
4717,1346,40,1,17.08
4718,1346,83,5,2.19
4719,1346,84,6,4.35
4720,1346,87,10,8.52
4721,1346,25,7,14.46
4722,1346,58,2,34.11
4723,1347,69,2,30.75
4724,1348,40,2,19.62
4725,1348,62,6,37.42
4726,1348,46,9,19.48
4727,1349,40,6,16.95
4728,1349,75,10,13.33
4729,1349,51,3,18.96
4730,1349,86,2,7.57
4731,1349,95,2,22.75
4732,1350,67,6,56.43
4733,1351,66,8,24.16
4734,1351,40,7,18.45
4735,1351,28,7,75.62
4736,1351,82,3,12.89
4737,1351,60,4,16.84
4738,1352,58,2,32.97
4739,1352,12,9,109.21
4740,1353,2,4,81.07
4741,1353,62,5,43.39
4742,1354,40,1,17.04
4743,1354,65,3,20.05
4744,1355,69,4,30.98
4745,1355,40,5,21.90
4746,1355,82,6,11.34
4747,1355,85,9,6.53
4748,1355,30,10,28.55
4749,1356,80,5,37.76
4750,1356,84,4,4.25
4751,1356,55,3,36.98
4752,1357,40,1,17.37
4753,1357,49,6,10.97
4754,1357,98,9,11.97
4755,1357,58,9,37.31
4756,1358,97,4,28.75
4757,1358,99,10,32.69
4758,1358,87,7,11.28
4759,1358,91,4,50.14
4760,1358,62,2,37.59
4761,1359,5,1,52.73
4762,1359,85,10,6.38
4763,1359,50,6,117.42
4764,1359,45,9,19.75
4765,1360,33,9,30.08
4766,1360,98,7,15.35
4767,1360,68,9,71.70
4768,1360,40,5,19.83
4769,1360,79,7,24.80
4770,1361,3,8,184.04
4771,1361,73,2,335.30
4772,1361,11,4,54.51
4773,1361,16,5,39.83
4774,1361,89,8,6.51
4775,1361,60,7,14.41
4776,1362,46,9,20.48
4777,1362,1,7,53.04
4778,1362,86,2,8.96
4779,1362,79,5,24.22
4780,1363,58,4,33.36
4781,1363,29,6,55.20
4782,1363,77,7,36.80
4783,1364,2,7,81.67
4784,1364,98,10,13.01
4785,1364,40,4,20.92
4786,1364,57,5,15.07
4787,1364,95,5,18.51
4788,1365,84,9,4.69
4789,1365,47,6,13.42
4790,1366,40,4,22.07
4791,1366,18,8,33.85
4792,1366,98,3,13.09
4793,1366,87,5,10.90
4794,1367,100,4,25.02
4795,1367,9,7,45.17
4796,1367,46,1,24.02
4797,1367,82,4,13.17
4798,1367,57,6,14.30
4799,1368,2,2,66.29
4800,1368,86,3,8.73
4801,1369,40,4,19.83
4802,1369,58,5,30.16
4803,1369,42,9,100.87
4804,1369,98,3,14.92
4805,1370,40,4,16.45
4806,1370,42,4,104.06
4807,1370,46,5,19.90
4808,1370,52,10,10.27
4809,1370,54,9,49.51
4810,1370,94,7,21.43
4811,1371,98,7,12.85
4812,1371,36,1,12.75
4813,1371,10,4,13.80
4814,1371,16,8,40.29
4815,1371,81,6,16.29
4816,1371,31,7,34.85
4817,1372,69,7,29.53
4818,1372,94,6,19.34
4819,1373,97,8,23.86
4820,1373,5,6,60.05
4821,1373,63,5,20.99
4822,1373,86,5,8.23
4823,1373,61,6,49.91
4824,1373,95,6,19.14
4825,1374,48,1,57.96
4826,1374,50,4,122.98
4827,1375,42,1,107.86
4828,1375,3,8,227.88
4829,1375,52,6,11.02
4830,1375,46,10,18.72
4831,1376,40,4,20.08
4832,1376,10,10,12.08
4833,1376,84,1,4.07
4834,1376,82,1,13.06
4835,1377,40,4,19.20
4836,1377,42,5,103.98
4837,1377,81,9,16.53
4838,1377,84,6,5.45
4839,1377,87,7,10.58
4840,1378,97,3,28.74
4841,1378,98,7,15.26
4842,1378,38,1,36.19
4843,1379,40,10,16.31
4844,1380,100,2,29.57
4845,1380,68,10,63.16
4846,1380,38,10,31.42
4847,1380,7,6,79.18
4848,1380,40,2,22.15
4849,1380,10,6,14.24
4850,1381,33,5,26.88
4851,1381,98,7,13.27
4852,1381,40,9,21.72
4853,1381,47,7,13.64
4854,1381,84,1,4.75
4855,1382,80,7,41.62
4856,1382,77,3,36.09
4857,1382,46,1,22.99
4858,1383,98,2,14.00
4859,1383,2,3,72.56
4860,1383,42,4,102.66
4861,1383,45,3,17.94
4862,1383,19,3,84.51
4863,1383,60,5,16.45
4864,1384,40,4,21.21
4865,1385,38,2,28.58
4866,1385,40,7,19.35
4867,1385,23,8,47.95
4868,1385,58,4,33.62
4869,1385,28,10,70.27
4870,1386,38,9,33.71
4871,1387,89,1,6.57
4872,1387,25,10,13.87
4873,1387,50,2,99.26
4874,1388,98,3,14.44
4875,1389,34,7,44.31
4876,1389,100,8,26.09
4877,1389,68,2,72.37
4878,1389,86,4,7.12
4879,1389,55,2,39.07
4880,1389,58,4,35.86
4881,1390,21,4,100.67
4882,1391,98,2,13.54
4883,1391,84,10,4.51
4884,1391,95,9,24.59
4885,1392,72,6,38.03
4886,1392,66,10,30.13
4887,1392,54,10,46.12
4888,1393,40,7,22.17
4889,1393,10,9,13.28
4890,1393,84,2,5.24
4891,1393,26,6,13.73
4892,1393,93,3,56.82
4893,1394,58,4,31.24
4894,1394,98,10,12.60
4895,1395,58,1,38.24
4896,1396,7,10,65.02
4897,1396,86,3,9.05
4898,1396,89,3,5.60
4899,1396,58,10,31.31
4900,1396,30,10,33.18
4901,1396,31,4,34.87
4902,1397,86,2,8.44
4903,1398,8,4,41.15
4904,1398,40,2,17.92
4905,1399,11,6,60.70
4906,1399,77,1,34.01
4907,1399,38,6,35.88
4908,1400,5,1,49.16
4909,1400,7,9,72.53
4910,1401,69,1,26.74
4911,1402,100,8,25.23
4912,1402,68,7,70.71
4913,1402,41,5,29.68
4914,1402,82,5,11.80
4915,1402,58,9,31.50
4916,1403,98,3,12.41
4917,1403,12,5,90.30
4918,1403,46,10,22.83
4919,1403,60,2,18.64
4920,1403,95,2,18.36
4921,1403,63,7,22.94
4922,1404,2,3,83.67
4923,1404,42,5,86.16
4924,1404,87,2,8.92
4925,1404,93,3,50.96
4926,1404,94,9,19.17
4927,1404,63,3,22.98
4928,1405,66,10,29.78
4929,1405,40,3,20.85
4930,1405,11,4,54.59
4931,1405,84,8,4.93
4932,1405,86,2,8.04
4933,1405,26,1,15.40
4934,1406,59,6,12.25
4935,1406,84,3,4.72
4936,1406,21,8,101.85
4937,1407,74,1,8.59
4938,1408,98,5,14.08
4939,1409,40,3,21.82
4940,1409,18,2,34.60
4941,1409,85,3,6.98
4942,1409,54,1,60.39
4943,1409,58,9,33.89
4944,1410,97,3,26.20
4945,1410,98,3,14.63
4946,1410,3,7,184.12
4947,1410,5,5,57.03
4948,1410,43,5,71.75
4949,1410,85,7,7.35
4950,1411,98,9,14.36
4951,1411,5,7,49.54
4952,1411,39,5,13.15
4953,1411,11,2,58.11
4954,1411,55,6,38.87
4955,1411,60,6,17.13
4956,1412,33,7,28.06
4957,1412,58,10,34.07
4958,1412,85,4,7.76
4959,1412,98,7,11.59
4960,1413,98,4,11.69
4961,1413,3,1,202.59
4962,1413,11,8,72.64
4963,1413,46,5,23.83
4964,1413,18,8,35.19
4965,1413,87,2,11.37
4966,1414,33,9,30.65
4967,1414,2,6,80.22
4968,1414,40,9,20.55
4969,1414,82,10,11.18
4970,1414,63,2,18.92
4971,1415,6,5,106.61
4972,1415,75,9,11.33
4973,1415,18,6,30.69
4974,1415,50,7,120.28
4975,1415,58,1,35.50
4976,1416,33,9,29.09
4977,1416,2,7,84.47
4978,1416,68,9,80.10
4979,1416,40,7,20.66
4980,1416,43,6,70.70
4981,1417,72,9,38.74
4982,1417,94,3,20.70
4983,1417,42,3,97.30
4984,1417,22,1,18.29
4985,1418,58,6,31.89
4986,1419,5,7,52.58
4987,1419,95,5,21.85
4988,1420,98,6,12.97
4989,1420,67,4,65.57
4990,1420,46,5,21.44
4991,1420,55,10,37.05
4992,1420,62,10,37.63
4993,1420,95,3,21.44
4994,1421,34,2,42.86
4995,1422,40,8,20.37
4996,1422,65,8,19.37
4997,1422,98,2,15.36
4998,1422,84,2,5.43
4999,1423,66,2,23.69
5000,1423,98,10,14.62
5001,1423,40,5,19.12
5002,1423,42,5,91.48
5003,1423,47,6,13.52
5004,1423,93,2,57.31
5005,1424,84,8,4.90
5006,1424,93,7,53.03
5007,1424,47,1,11.97
5008,1425,58,9,32.48
5009,1426,8,1,45.24
5010,1426,16,6,31.64
5011,1427,67,9,55.72
5012,1427,40,4,20.93
5013,1427,18,10,31.38
5014,1427,52,7,10.12
5015,1427,26,1,13.88
5016,1428,65,9,22.86
5017,1428,98,5,15.39
5018,1428,72,4,31.12
5019,1428,47,5,11.80
5020,1428,84,2,4.81
5021,1429,89,9,6.51
5022,1429,36,8,14.18
5023,1429,47,6,11.42
5024,1430,40,3,17.62
5025,1430,2,1,87.76
5026,1430,46,7,22.36
5027,1431,89,8,6.33
5028,1431,98,6,11.86
5029,1431,45,7,22.95
5030,1431,86,5,8.91
5031,1432,72,8,35.08
5032,1432,75,3,12.41
5033,1432,16,6,39.89
5034,1432,86,3,8.45
5035,1432,60,6,18.98
5036,1433,68,9,76.45
5037,1433,77,1,32.71
5038,1433,87,8,10.64
5039,1434,90,3,6.70
5040,1434,58,4,34.86
5041,1434,12,6,119.74
5042,1435,56,10,23.90
5043,1435,40,1,20.84
5044,1435,43,6,70.63
5045,1435,53,10,57.37
5046,1436,9,5,42.72
5047,1436,42,5,90.39
5048,1436,12,3,108.51
5049,1436,50,2,101.86
5050,1436,55,5,33.74
5051,1436,59,3,12.20
5052,1437,68,7,71.35
5053,1437,47,10,14.21
5054,1437,82,8,14.06
5055,1437,52,6,9.59
5056,1437,57,10,14.20
5057,1438,66,7,25.27
5058,1438,75,8,11.68
5059,1438,68,7,63.70
5060,1439,1,1,55.08
5061,1439,60,4,16.40
5062,1439,84,2,4.43
5063,1439,21,6,95.34
5064,1439,28,8,79.55
5065,1440,100,2,28.21
5066,1441,98,8,14.00
5067,1442,40,5,20.15
5068,1442,89,8,6.32
5069,1442,84,6,4.18
5070,1442,63,8,23.10
5071,1443,34,7,38.62
5072,1443,66,6,27.21
5073,1443,98,10,13.26
5074,1443,39,3,12.07
5075,1443,40,3,17.57
5076,1444,69,6,35.13
5077,1444,42,10,96.09
5078,1444,86,8,7.36
5079,1444,58,9,34.24
5080,1444,60,7,14.38
5081,1445,40,4,20.01
5082,1445,84,4,4.60
5083,1445,5,5,47.61
5084,1445,95,5,21.23
5085,1446,51,10,20.33
5086,1447,66,4,27.69
5087,1447,12,2,120.79
5088,1447,54,6,54.55
5089,1447,79,1,25.71
5090,1448,40,10,16.29
5091,1448,76,2,20.32
5092,1448,45,8,18.04
5093,1448,18,1,31.83
5094,1448,55,1,36.24
5095,1449,47,7,11.14
5096,1450,60,9,16.98
5097,1450,47,2,12.28
5098,1450,54,3,51.87
5099,1450,68,6,63.88
5100,1451,34,4,40.39
5101,1451,84,4,4.51
5102,1451,86,8,8.58
5103,1451,58,6,41.45
5104,1451,60,6,18.45
5105,1452,40,4,16.65
5106,1452,46,6,19.74
5107,1452,49,4,11.79
5108,1452,18,2,34.62
5109,1452,54,1,49.74
5110,1452,58,5,36.97
5111,1453,40,7,19.85
5112,1453,54,4,51.99
5113,1454,59,2,11.53
5114,1454,84,5,5.40
5115,1454,53,1,66.51
5116,1455,74,1,10.82
5117,1455,87,8,10.61
5118,1456,42,1,93.16
5119,1456,77,6,35.71
5120,1456,47,7,11.74
5121,1456,84,8,4.34
5122,1456,85,5,8.20
5123,1456,86,2,8.37
5124,1457,89,7,6.00
5125,1457,93,2,59.83
5126,1458,86,4,8.28
5127,1459,64,3,27.06
5128,1459,10,2,15.38
5129,1460,60,9,17.98
5130,1461,98,8,14.49
5131,1461,40,5,21.97
5132,1461,85,6,7.18
5133,1461,22,3,18.20
5134,1461,63,6,19.46
5135,1462,40,9,20.96
5136,1462,10,6,14.77
5137,1462,58,7,31.11
5138,1463,72,9,33.42
5139,1463,98,10,11.70
5140,1463,30,7,27.00
5141,1463,22,2,17.19
5142,1464,40,1,16.95
5143,1464,10,5,16.01
5144,1464,42,4,101.45
5145,1464,84,6,4.28
5146,1464,54,1,49.65
5147,1465,16,9,35.75
5148,1466,97,8,21.72
5149,1466,2,7,87.41
5150,1467,80,7,33.38
5151,1467,51,8,23.18
5152,1467,53,9,64.75
5153,1468,42,6,103.85
5154,1468,84,7,3.99
5155,1469,66,9,25.07
5156,1469,12,7,116.52
5157,1469,53,5,67.36
5158,1469,86,7,6.87
5159,1469,22,4,18.82
5160,1469,29,3,41.16
5161,1470,39,5,11.22
5162,1470,68,10,63.86
5163,1470,84,1,4.11
5164,1470,87,4,9.52
5165,1471,97,8,29.56
5166,1471,70,4,86.35
5167,1471,42,6,90.37
5168,1471,84,2,5.20
5169,1471,59,10,12.51
5170,1472,89,2,6.07
5171,1472,9,9,37.65
5172,1472,18,7,29.66
5173,1472,70,1,81.64
5174,1473,40,7,19.99
5175,1473,18,6,35.85
5176,1473,61,7,51.52
5177,1473,38,3,34.33
5178,1474,17,1,191.01
5179,1474,59,9,11.94
5180,1475,40,4,21.75
5181,1475,89,6,5.39
5182,1475,42,9,97.90
5183,1475,2,4,86.16
5184,1476,1,8,54.96
5185,1476,66,5,25.32
5186,1476,34,4,39.51
5187,1476,41,6,35.14
5188,1476,85,3,6.58
5189,1476,86,5,8.44
5190,1477,95,3,23.42
5191,1478,66,10,28.68
5192,1478,36,4,15.01
5193,1478,40,10,18.19
5194,1478,11,8,63.16
5195,1478,56,2,27.61
5196,1479,40,10,21.63
5197,1479,73,3,278.58
5198,1479,30,7,27.35
5199,1479,55,2,29.11
5200,1480,65,4,21.45
5201,1480,86,7,7.21
5202,1480,83,2,2.51
5203,1480,38,8,33.94
5204,1481,8,4,40.04
5205,1481,89,10,5.60
5206,1481,50,8,117.45
5207,1481,47,4,13.78
5208,1482,67,4,59.35
5209,1483,34,10,36.91
5210,1484,49,5,12.34
5211,1484,82,6,14.44
5212,1484,77,1,31.25
5213,1484,97,5,24.16
5214,1485,98,2,12.20
5215,1485,74,6,9.76
5216,1485,79,6,24.24
5217,1485,89,3,6.61
5218,1485,60,8,16.39
5219,1486,98,8,12.54
5220,1486,76,2,17.93
5221,1486,84,1,4.14
5222,1486,86,10,7.82
5223,1486,60,5,16.33
5224,1487,40,8,19.56
5225,1487,41,7,28.81
5226,1487,69,4,32.38
5227,1487,22,6,16.02
5228,1488,98,10,13.73
5229,1488,82,7,12.52
5230,1488,70,6,83.31
5231,1489,98,4,13.00
5232,1489,42,7,97.11
5233,1489,76,8,20.07
5234,1489,46,8,18.40
5235,1489,87,8,11.31
5236,1489,60,6,16.16
5237,1490,59,7,11.40
5238,1490,68,8,66.48
5239,1490,5,8,53.82
5240,1490,94,2,17.01
5241,1491,98,6,14.49
5242,1492,18,3,34.47
5243,1493,68,3,73.77
5244,1493,4,3,21.62
5245,1494,98,3,12.30
5246,1494,30,10,27.00
5247,1495,42,1,105.28
5248,1495,38,7,34.71
5249,1496,97,3,24.50
5250,1496,34,8,37.08
5251,1496,99,7,32.37
5252,1496,40,3,18.09
5253,1496,43,2,65.94
5254,1497,36,1,15.65
5255,1497,55,7,29.42
5256,1498,58,8,33.39
5257,1498,93,6,57.19
5258,1498,38,2,28.87
5259,1499,65,5,19.87
5260,1499,2,9,88.05
5261,1499,84,6,5.18
5262,1499,25,8,14.16
5263,1499,58,5,34.78
5264,1500,42,7,95.90
5265,1500,84,8,4.81
5266,1501,98,4,11.99
5267,1501,5,8,58.75
5268,1501,69,2,26.11
5269,1501,43,6,66.40
5270,1501,77,7,36.23
5271,1502,98,9,14.08
5272,1502,84,10,5.20
5273,1503,84,5,5.03
5274,1503,86,5,8.60
5275,1503,55,7,35.24
5276,1503,24,2,129.14
5277,1503,93,10,52.11
5278,1504,40,9,17.24
5279,1504,17,8,168.56
5280,1504,2,6,65.86
5281,1504,31,1,30.59
5282,1505,40,3,20.28
5283,1505,58,3,40.76
5284,1506,41,5,31.00
5285,1506,74,5,8.32
5286,1506,11,10,64.70
5287,1506,82,2,11.06
5288,1506,24,5,123.77
5289,1506,93,3,50.98
5290,1507,40,8,20.25
5291,1507,81,3,16.03
5292,1507,84,4,5.22
5293,1507,46,7,24.08
5294,1508,53,6,74.62
5295,1509,80,10,35.76
5296,1509,98,9,15.37
5297,1509,85,3,8.53
5298,1510,72,1,37.25
5299,1510,33,2,27.91
5300,1511,40,8,16.95
5301,1511,98,9,11.60
5302,1511,23,2,53.46
5303,1512,66,8,26.89
5304,1512,2,1,82.26
5305,1512,42,6,100.10
5306,1512,77,3,30.77
5307,1512,58,9,30.67
5308,1513,58,4,31.57
5309,1513,77,10,37.86
5310,1514,82,9,12.83
5311,1514,60,2,14.71
5312,1514,86,6,7.47
5313,1514,87,2,11.41
5314,1515,47,10,11.86
5315,1516,2,2,73.22
5316,1516,98,5,15.49
5317,1516,40,5,21.67
5318,1516,47,8,13.31
5319,1516,84,10,5.22
5320,1516,25,7,14.96
5321,1517,40,4,21.74
5322,1517,10,3,14.89
5323,1518,97,4,27.63
5324,1518,98,7,14.49
5325,1518,68,8,77.65
5326,1519,40,6,17.33
5327,1519,26,10,15.91
5328,1519,66,9,30.30
5329,1519,82,10,12.47
5330,1520,16,4,40.44
5331,1520,41,1,36.40
5332,1520,82,10,13.81
5333,1520,95,1,24.45
5334,1521,40,5,16.25
5335,1521,58,8,31.56
5336,1522,64,2,25.56
5337,1522,98,6,13.05
5338,1522,77,8,35.37
5339,1522,89,5,5.80
5340,1522,59,7,13.16
5341,1523,73,3,274.67
5342,1523,98,4,15.18
5343,1523,18,10,32.52
5344,1523,86,10,7.19
5345,1524,76,1,17.08
5346,1525,69,4,27.21
5347,1526,98,8,11.76
5348,1527,43,5,72.25
5349,1527,86,6,7.84
5350,1528,91,3,54.19
5351,1528,59,4,13.30
5352,1528,84,6,4.31
5353,1528,66,5,27.87
5354,1529,24,6,159.16
5355,1529,66,7,27.91
5356,1529,84,8,5.35
5357,1529,60,2,17.97
5358,1530,60,3,14.74
5359,1530,38,8,33.79
5360,1530,84,4,5.07
5361,1531,40,1,16.23
5362,1531,32,1,35.75
5363,1531,61,8,44.11
5364,1531,5,5,50.80
5365,1532,38,6,33.75
5366,1532,22,1,16.14
5367,1532,55,5,36.84
5368,1533,18,10,34.70
5369,1533,67,1,53.13
5370,1534,64,4,28.39
5371,1534,98,7,14.17
5372,1534,40,5,19.69
5373,1534,47,4,12.31
5374,1534,86,10,8.45
5375,1534,59,6,13.11
5376,1535,56,8,22.19
5377,1535,58,9,32.38
5378,1536,94,8,18.11
5379,1537,40,4,21.57
5380,1537,38,4,26.94
5381,1538,40,1,21.78
5382,1538,82,9,13.02
5383,1538,23,8,54.03
5384,1538,87,4,9.00
5385,1539,40,4,16.43
5386,1539,10,6,15.46
5387,1540,86,2,7.83
5388,1541,40,10,16.46
5389,1541,89,5,6.81
5390,1541,98,1,13.96
5391,1542,86,6,8.29
5392,1542,94,2,19.02
5393,1542,23,10,48.77
5394,1543,42,9,91.06
5395,1543,11,1,70.18
5396,1544,10,6,16.15
5397,1544,84,6,5.33
5398,1544,12,4,112.21
5399,1544,38,5,33.67
5400,1545,98,6,14.91
5401,1545,72,2,35.19
5402,1545,16,7,40.93
5403,1545,90,4,7.34
5404,1545,63,9,18.18
5405,1546,98,2,13.02
5406,1546,2,9,82.31
5407,1546,68,7,76.47
5408,1546,46,3,19.79
5409,1546,18,1,28.26
5410,1546,84,2,4.67
5411,1547,40,7,19.54
5412,1547,5,6,52.36
5413,1547,23,7,59.24
5414,1548,72,9,41.64
5415,1548,40,10,16.39
5416,1548,46,1,18.43
5417,1548,48,5,54.49
5418,1548,91,7,58.33
5419,1549,33,9,29.09
5420,1549,6,1,114.79
5421,1549,12,7,97.80
5422,1549,86,7,8.24
5423,1549,22,9,19.49
5424,1549,58,7,36.06
5425,1550,98,1,15.22
5426,1550,70,1,95.42
5427,1550,40,7,20.13
5428,1550,52,7,10.71
5429,1550,58,9,38.72
5430,1551,42,8,82.32
5431,1551,28,8,88.22
5432,1552,77,2,40.99
5433,1552,86,5,8.29
5434,1553,46,9,18.29
5435,1553,33,1,26.08
5436,1553,30,4,33.96
5437,1553,23,7,48.26
5438,1554,99,5,30.69
5439,1554,47,5,12.42
5440,1554,83,4,2.54
5441,1554,60,2,16.01
5442,1554,93,8,48.57
5443,1555,58,7,35.97
5444,1555,42,2,94.98
5445,1555,98,6,14.95
5446,1556,40,10,18.26
5447,1556,11,7,70.08
5448,1556,94,5,17.86
5449,1556,47,2,12.02
5450,1557,64,3,32.35
5451,1557,6,6,106.18
5452,1557,47,4,12.76
5453,1557,22,8,15.71
5454,1557,60,8,17.53
5455,1558,32,9,32.30
5456,1558,2,10,77.61
5457,1559,16,8,33.91
5458,1559,86,1,8.29
5459,1560,22,3,18.01
5460,1561,40,5,22.17
5461,1561,98,1,13.78
5462,1561,68,1,73.02
5463,1562,97,9,23.63
5464,1562,65,5,20.71
5465,1562,54,7,51.53
5466,1562,87,4,9.18
5467,1562,58,5,39.17
5468,1562,59,4,10.82
5469,1563,34,1,46.77
5470,1563,3,5,198.55
5471,1563,7,10,64.54
5472,1563,40,7,19.56
5473,1563,10,5,13.21
5474,1563,24,7,140.03
5475,1564,56,2,21.97
5476,1564,54,7,53.97
5477,1565,22,7,18.62
5478,1565,23,3,48.37
5479,1566,18,5,37.63
5480,1566,38,7,26.83
5481,1567,98,1,13.47
5482,1567,68,2,80.36
5483,1567,41,3,36.69
5484,1567,13,9,57.26
5485,1567,51,1,24.72
5486,1567,87,7,9.57
5487,1568,75,3,10.51
5488,1568,84,9,4.71
5489,1568,87,5,9.43
5490,1568,47,10,12.99
5491,1569,60,4,15.86
5492,1570,40,5,19.47
5493,1570,42,3,90.51
5494,1570,11,3,54.28
5495,1570,21,5,109.70
5496,1571,36,5,14.47
5497,1571,38,4,30.08
5498,1571,43,2,72.89
5499,1571,77,1,40.20
5500,1571,50,7,113.94
5501,1571,58,10,37.82
5502,1572,97,10,28.12
5503,1573,69,1,29.48
5504,1573,46,2,19.96
5505,1574,82,7,13.41
5506,1574,85,10,8.54
5507,1574,86,5,6.97
5508,1574,59,7,12.59
5509,1574,63,4,20.65
5510,1575,8,4,38.64
5511,1575,40,9,20.71
5512,1575,5,9,45.79
5513,1576,97,2,24.27
5514,1576,2,10,76.72
5515,1576,98,5,14.11
5516,1576,34,1,38.65
5517,1576,73,7,297.24
5518,1576,13,5,44.42
5519,1577,85,8,8.42
5520,1578,40,8,21.08
5521,1579,33,5,32.28
5522,1579,3,3,187.42
5523,1579,40,3,21.86
5524,1579,13,8,52.02
5525,1579,86,1,8.10
5526,1580,33,5,28.12
5527,1580,3,10,206.51
5528,1580,100,9,27.78
5529,1580,79,10,24.74
5530,1581,16,10,33.29
5531,1581,38,3,29.30
5532,1582,1,6,54.30
5533,1582,34,2,37.64
5534,1582,40,9,20.39
5535,1582,42,8,82.67
5536,1582,45,7,24.13
5537,1582,47,1,11.99
5538,1583,3,7,201.20
5539,1584,40,9,18.80
5540,1584,8,10,40.20
5541,1584,42,9,90.43
5542,1584,43,10,61.49
5543,1584,12,10,115.55
5544,1584,46,5,20.02
5545,1585,2,8,90.12
5546,1585,68,1,79.71
5547,1585,9,8,45.11
5548,1585,46,4,21.48
5549,1585,16,6,38.17
5550,1586,98,2,11.72
5551,1586,47,10,12.82
5552,1586,86,7,8.36
5553,1586,60,1,18.20
5554,1586,95,1,20.10
5555,1587,40,6,17.91
5556,1587,97,10,24.42
5557,1588,48,7,64.14
5558,1588,34,6,47.39
5559,1588,40,3,18.40
5560,1588,68,2,66.62
5561,1589,33,1,26.26
5562,1589,34,1,45.98
5563,1589,3,10,187.20
5564,1589,84,7,4.86
5565,1590,98,8,14.02
5566,1590,40,8,17.56
5567,1590,76,10,16.78
5568,1590,77,7,39.70
5569,1590,45,3,22.58
5570,1590,62,8,36.97
5571,1591,98,6,13.51
5572,1591,40,4,22.00
5573,1591,77,3,39.33
5574,1591,82,7,13.94
5575,1591,58,2,36.40
5576,1591,31,2,32.62
5577,1592,40,8,16.89
5578,1592,32,7,38.02
5579,1593,98,4,11.71
5580,1593,42,8,106.42
5581,1593,58,2,37.01
5582,1593,47,2,14.62
5583,1594,3,6,206.14
5584,1594,73,7,320.48
5585,1594,19,4,77.42
5586,1594,60,9,18.14
5587,1595,65,4,20.76
5588,1595,2,4,80.53
5589,1595,98,3,12.34
5590,1595,68,2,72.29
5591,1595,40,7,20.52
5592,1595,60,10,15.94
5593,1596,41,1,35.78
5594,1596,18,10,31.64
5595,1597,42,2,82.74
5596,1597,6,2,121.47
5597,1598,7,9,72.76
5598,1598,46,5,19.93
5599,1598,47,10,14.98
5600,1598,84,2,4.92
5601,1598,86,2,6.96
5602,1598,87,1,11.22
5603,1599,69,3,31.15
5604,1600,64,9,32.77
5605,1600,98,8,14.89
5606,1600,40,4,16.91
5607,1600,83,5,2.13
5608,1600,86,9,8.27
5609,1600,58,8,31.56
5610,1601,98,2,11.87
5611,1601,100,9,29.12
5612,1601,38,3,31.86
5613,1601,9,4,35.44
5614,1601,77,9,38.37
5615,1601,89,7,6.38
5616,1602,18,4,34.79
5617,1602,42,3,106.53
5618,1602,66,5,24.28
5619,1603,72,4,36.10
5620,1604,40,8,18.64
5621,1604,64,1,29.62
5622,1604,60,3,18.22
5623,1604,55,10,31.51
5624,1605,34,7,41.53
5625,1605,40,2,21.01
5626,1605,9,10,37.47
5627,1605,84,10,4.34
5628,1605,59,10,10.86
5629,1605,29,3,49.10
5630,1606,40,5,18.64
5631,1606,95,9,19.96
5632,1607,97,9,26.83
5633,1607,83,2,2.41
5634,1607,38,2,35.09
5635,1608,40,4,22.01
5636,1609,47,9,11.09
5637,1610,40,2,19.16
5638,1611,40,7,16.47
5639,1611,84,3,5.03
5640,1611,69,9,33.32
5641,1612,72,5,31.21
5642,1612,98,4,15.32
5643,1612,60,2,16.31
5644,1612,6,7,108.40
5645,1613,56,1,21.04
5646,1613,33,6,25.65
5647,1613,30,10,28.20
5648,1613,79,8,25.85
5649,1614,98,8,14.79
5650,1614,84,6,5.26
5651,1614,77,2,38.52
5652,1614,31,3,36.00
5653,1615,40,4,16.53
5654,1615,11,8,73.97
5655,1615,77,9,30.08
5656,1616,40,2,18.74
5657,1616,98,9,11.96
5658,1616,50,3,100.25
5659,1616,22,1,15.53
5660,1617,58,4,34.23
5661,1618,82,3,12.52
5662,1619,65,3,19.03
5663,1619,98,1,14.66
5664,1619,100,9,30.10
5665,1619,56,2,24.51
5666,1619,58,8,32.09
5667,1620,98,5,14.51
5668,1620,76,3,18.69
5669,1621,1,8,42.66
5670,1621,19,9,91.57
5671,1622,51,3,19.06
5672,1622,19,7,82.31
5673,1622,86,4,8.51
5674,1623,64,1,32.25
5675,1623,8,2,47.51
5676,1623,40,2,16.33
5677,1623,43,9,66.34
5678,1623,12,3,113.97
5679,1623,80,3,34.85
5680,1624,72,8,35.89
5681,1624,2,4,69.07
5682,1625,82,4,10.53
5683,1625,58,3,37.71
5684,1625,5,5,58.58
5685,1626,40,2,17.37
5686,1626,100,10,30.89
5687,1627,58,2,39.92
5688,1627,87,7,11.27
5689,1628,18,10,36.44
5690,1628,86,9,7.57
5691,1629,40,5,17.67
5692,1629,89,2,6.73
5693,1629,38,7,35.79
5694,1629,79,7,21.96
5695,1630,72,6,34.37
5696,1630,1,2,50.29
5697,1630,60,2,15.58
5698,1631,86,1,7.04
5699,1631,98,5,13.76
5700,1631,21,6,87.44
5701,1631,46,1,18.21
5702,1632,98,2,14.55
5703,1632,46,3,20.42
5704,1632,80,6,42.08
5705,1632,85,4,6.66
5706,1632,62,3,42.29
5707,1632,63,9,21.29
5708,1633,40,4,21.20
5709,1634,97,5,27.73
5710,1634,66,7,26.90
5711,1634,68,6,65.36
5712,1634,34,4,44.29
5713,1635,97,7,24.30
5714,1635,42,8,106.73
5715,1635,11,9,62.99
5716,1635,84,3,4.81
5717,1635,86,4,7.61
5718,1636,98,10,12.45
5719,1637,98,6,11.36
5720,1638,75,2,11.70
5721,1638,18,5,36.60
5722,1638,55,3,38.07
5723,1638,60,4,14.80
5724,1638,94,6,18.86
5725,1639,68,7,69.46
5726,1639,5,8,51.40
5727,1639,42,10,96.40
5728,1639,81,2,20.03
5729,1639,84,4,4.14
5730,1639,91,10,58.67
5731,1640,34,5,40.35
5732,1640,98,2,12.66
5733,1640,75,7,10.04
5734,1640,82,10,10.52
5735,1640,51,6,25.40
5736,1641,97,3,27.07
5737,1641,5,4,47.08
5738,1641,59,9,10.64
5739,1641,82,7,12.87
5740,1641,91,9,46.35
5741,1642,40,3,20.66
5742,1642,47,10,13.76
5743,1643,2,2,75.38
5744,1643,99,4,34.42
5745,1643,77,10,38.15
5746,1643,54,8,55.36
5747,1643,60,10,16.88
5748,1644,66,7,30.57
5749,1644,51,4,25.09
5750,1645,58,9,36.26
5751,1645,53,3,69.78
5752,1646,98,2,13.45
5753,1646,67,5,60.74
5754,1646,42,10,104.93
5755,1646,56,4,24.07
5756,1646,89,10,5.11
5757,1647,68,8,72.17
5758,1648,40,5,21.12
5759,1648,79,5,23.65
5760,1648,84,5,5.28
5761,1648,60,1,15.31
5762,1648,62,10,39.22
5763,1649,82,6,13.05
5764,1649,19,4,76.96
5765,1650,100,7,23.51
5766,1650,84,5,4.03
5767,1650,86,10,7.23
5768,1651,64,1,30.89
5769,1651,97,10,25.46
5770,1651,33,10,30.42
5771,1651,40,6,21.98
5772,1651,75,6,11.57
5773,1651,62,4,39.20
5774,1652,99,5,29.14
5775,1652,100,8,28.32
5776,1652,42,4,106.91
5777,1652,46,8,18.55
5778,1652,54,2,56.17
5779,1652,58,8,39.26
5780,1653,97,1,23.28
5781,1653,98,1,14.00
5782,1653,12,9,104.79
5783,1653,66,10,24.52
5784,1654,22,6,18.26
5785,1654,31,4,32.86
5786,1655,60,9,15.64
5787,1655,46,1,20.44
5788,1656,100,3,25.25
5789,1656,11,6,63.26
5790,1656,19,6,87.64
5791,1656,84,5,5.19
5792,1656,86,3,8.16
5793,1656,30,1,27.43
5794,1657,18,8,30.99
5795,1657,21,7,86.77
5796,1658,4,1,26.74
5797,1658,36,3,16.56
5798,1658,40,7,16.36
5799,1658,73,5,260.77
5800,1658,42,7,83.52
5801,1659,40,8,17.79
5802,1659,41,2,35.42
5803,1659,98,2,14.52
5804,1660,98,1,14.48
5805,1660,69,6,33.92
5806,1660,22,7,14.58
5807,1660,58,3,31.31
5808,1660,60,3,14.75
5809,1661,65,4,22.14
5810,1661,68,5,76.79
5811,1661,40,6,18.38
5812,1661,42,6,106.01
5813,1661,46,1,22.12
5814,1662,33,1,27.07
5815,1662,98,8,13.39
5816,1663,33,4,28.47
5817,1663,98,10,13.72
5818,1663,68,7,62.77
5819,1663,69,9,26.12
5820,1663,61,4,40.49
5821,1664,86,7,8.97
5822,1664,58,10,40.20
5823,1664,77,3,30.14
5824,1664,98,10,11.91
5825,1665,40,1,20.81
5826,1665,42,8,94.44
5827,1665,3,2,169.13
5828,1665,13,2,60.32
5829,1666,33,5,31.72
5830,1666,5,1,49.19
5831,1667,24,2,129.53
5832,1667,17,4,170.93
5833,1667,52,4,11.97
5834,1667,47,2,13.42
5835,1668,1,2,42.05
5836,1668,68,7,65.02
5837,1668,40,1,16.39
5838,1668,42,3,108.64
5839,1668,22,9,19.20
5840,1668,60,8,15.08
5841,1669,40,6,19.89
5842,1669,82,9,12.46
5843,1669,84,8,4.78
5844,1669,29,9,52.46
5845,1670,8,9,37.04
5846,1670,30,1,32.76
5847,1671,98,10,11.99
5848,1672,6,7,103.41
5849,1672,40,10,16.22
5850,1672,46,1,21.01
5851,1672,82,5,13.07
5852,1672,55,5,33.85
5853,1673,49,5,10.59
5854,1673,50,9,106.27
5855,1673,28,5,87.17
5856,1674,47,10,14.33
5857,1675,50,7,119.77
5858,1675,53,10,57.46
5859,1675,46,10,21.67
5860,1676,40,10,16.51
5861,1676,98,3,11.86
5862,1676,43,2,71.89
5863,1676,23,7,59.94
5864,1677,40,2,21.37
5865,1677,18,7,34.98
5866,1677,3,7,169.73
5867,1678,32,5,32.55
5868,1678,2,10,90.40
5869,1678,98,2,14.83
5870,1678,72,10,32.70
5871,1678,76,2,18.57
5872,1678,58,5,40.09
5873,1679,41,5,37.30
5874,1679,58,7,31.08
5875,1680,11,10,66.20
5876,1681,1,7,52.48
5877,1681,70,2,82.20
5878,1681,74,1,9.23
5879,1681,52,2,11.23
5880,1681,58,1,38.33
5881,1682,34,6,41.72
5882,1682,47,10,14.01
5883,1682,86,3,7.56
5884,1682,7,5,77.15
5885,1683,98,10,15.20
5886,1683,11,1,72.70
5887,1683,12,1,110.91
5888,1683,6,8,122.58
5889,1684,3,10,209.45
5890,1684,42,4,95.71
5891,1684,81,10,18.50
5892,1684,22,2,15.37
5893,1684,28,3,65.36
5894,1685,68,6,76.40
5895,1685,69,10,31.96
5896,1685,52,10,11.03
5897,1685,84,8,5.28
5898,1685,95,5,23.31
5899,1686,40,10,20.24
5900,1686,42,5,104.55
5901,1687,68,6,62.26
5902,1687,7,4,64.23
5903,1687,40,10,17.58
5904,1687,11,8,69.51
5905,1687,77,7,38.81
5906,1687,47,10,14.05
5907,1688,17,6,186.13
5908,1688,42,2,91.75
5909,1688,69,8,33.59
5910,1688,97,1,24.16
5911,1689,58,5,35.90
5912,1689,42,10,89.60
5913,1689,63,1,17.29
5914,1690,98,3,13.41
5915,1690,84,1,4.41
5916,1691,39,4,11.02
5917,1691,40,8,18.06
5918,1691,47,2,14.03
5919,1691,58,2,31.24
5920,1691,60,1,14.34
5921,1691,29,9,54.31
5922,1692,89,7,5.49
5923,1692,98,10,15.07
5924,1692,84,6,4.81
5925,1693,34,4,41.10
5926,1693,36,8,12.58
5927,1693,46,4,23.10
5928,1693,86,9,8.23
5929,1693,25,1,13.00
5930,1694,89,6,5.51
5931,1694,22,8,17.75
5932,1695,98,8,15.02
5933,1695,2,9,88.47
5934,1695,40,10,21.37
5935,1695,86,2,6.97
5936,1695,87,5,11.22
5937,1695,57,5,15.00
5938,1696,1,2,48.78
5939,1696,38,9,31.22
5940,1696,40,8,21.70
5941,1696,79,3,29.00
5942,1696,28,7,67.03
5943,1697,50,9,107.28
5944,1698,86,3,7.47
5945,1699,98,9,15.17
5946,1699,47,8,13.67
5947,1699,48,9,64.63
5948,1699,86,8,7.92
5949,1699,29,5,45.50
5950,1700,56,4,27.90
5951,1700,82,2,11.62
5952,1700,93,3,59.48
5953,1701,1,10,46.79
5954,1701,98,8,13.12
5955,1701,99,2,30.30
5956,1701,100,10,30.95
5957,1701,46,7,19.59
5958,1701,94,9,22.14
5959,1702,98,6,13.06
5960,1702,3,2,193.23
5961,1702,40,7,22.07
5962,1702,23,7,57.23
5963,1702,61,3,39.90
5964,1703,97,5,24.43
5965,1703,98,6,13.47
5966,1703,68,2,83.62
5967,1703,8,3,39.93
5968,1703,51,8,23.50
5969,1703,89,5,6.21
5970,1704,33,3,28.03
5971,1704,38,8,34.46
5972,1705,58,3,37.33
5973,1706,40,2,16.51
5974,1706,90,2,6.63
5975,1706,30,1,26.94
5976,1707,58,7,40.39
5977,1707,84,5,4.10
5978,1707,30,9,28.22
5979,1707,95,7,20.46
5980,1708,40,1,19.30
5981,1708,34,9,36.75
5982,1708,75,3,12.20
5983,1708,47,2,12.39
5984,1709,97,7,26.10
5985,1709,58,6,36.75
5986,1710,40,9,22.15
5987,1710,76,8,21.28
5988,1710,58,6,40.13
5989,1710,60,4,14.67
5990,1710,94,4,17.07
5991,1711,12,4,117.17
5992,1711,80,1,42.55
5993,1711,25,7,13.97
5994,1711,58,9,40.82
5995,1711,63,5,19.86
5996,1711,95,8,19.07
5997,1712,68,9,72.19
5998,1712,40,7,18.94
5999,1712,42,4,111.20
6000,1712,47,9,11.61
6001,1712,53,8,76.40
6002,1712,58,4,35.22
6003,1713,10,9,13.62
6004,1713,82,4,11.42
6005,1713,47,6,12.09
6006,1714,68,8,81.11
6007,1714,40,1,19.16
6008,1714,74,6,8.28
6009,1714,47,9,11.87
6010,1714,53,10,63.10
6011,1714,30,1,29.38
6012,1715,33,3,29.80
6013,1715,84,6,4.24
6014,1716,75,3,9.87
6015,1716,98,6,12.68
6016,1716,3,7,185.89
6017,1716,84,4,4.76
6018,1717,98,8,11.72
6019,1717,68,9,83.69
6020,1717,40,2,21.30
6021,1717,84,10,4.52
6022,1717,94,5,19.19
6023,1718,89,6,6.87
6024,1718,50,1,103.25
6025,1718,58,5,33.50
6026,1718,87,5,10.14
6027,1719,34,3,47.13
6028,1719,69,10,28.52
6029,1719,87,9,9.55
6030,1719,55,8,34.13
6031,1719,28,7,65.77
6032,1719,30,4,33.32
6033,1720,98,9,13.03
6034,1720,4,4,23.87
6035,1720,46,3,18.57
6036,1720,87,1,11.50
6037,1720,60,4,15.04
6038,1720,63,1,20.75
6039,1721,12,6,95.90
6040,1721,77,10,34.71
6041,1721,18,9,28.72
6042,1721,82,2,13.58
6043,1721,22,1,14.62
6044,1721,55,6,39.37
6045,1722,40,6,21.03
6046,1722,33,1,27.71
6047,1723,49,8,9.58
6048,1723,66,6,23.27
6049,1724,42,5,109.22
6050,1724,50,8,102.35
6051,1724,63,6,19.24
6052,1724,47,6,13.51
6053,1725,40,7,17.59
6054,1725,3,2,176.06
6055,1725,95,5,21.22
6056,1726,42,3,100.31
6057,1726,86,3,8.33
6058,1726,58,6,38.50
6059,1726,94,1,17.47
6060,1726,95,9,24.63
6061,1727,98,3,13.86
6062,1727,40,6,16.70
6063,1727,43,5,63.77
6064,1727,82,1,11.78
6065,1727,24,1,157.79
6066,1727,90,3,8.19
6067,1728,65,9,17.73
6068,1728,50,1,95.16
6069,1728,84,6,4.27
6070,1728,93,4,55.58
6071,1729,12,5,94.06
6072,1729,77,5,39.80
6073,1730,81,4,15.59
6074,1731,34,3,37.86
6075,1731,3,2,217.76
6076,1731,68,1,80.28
6077,1731,84,3,4.52
6078,1732,40,5,20.42
6079,1732,59,8,13.33
6080,1732,53,5,68.34
6081,1733,19,4,93.29
6082,1734,40,10,16.66
6083,1734,46,2,18.76
6084,1735,82,4,13.40
6085,1735,84,9,4.38
6086,1736,64,7,34.00
6087,1736,33,2,29.00
6088,1736,72,4,33.18
6089,1736,9,3,39.00
6090,1736,42,2,84.81
6091,1736,84,3,4.21
6092,1737,32,5,34.57
6093,1737,34,3,41.88
6094,1737,73,10,308.09
6095,1737,11,9,55.00
6096,1737,12,2,109.86
6097,1738,42,10,98.72
6098,1738,46,1,24.09
6099,1738,17,2,168.90
6100,1738,86,4,8.28
6101,1738,24,9,135.83
6102,1739,33,8,29.71
6103,1739,47,5,11.21
6104,1739,83,2,2.83
6105,1739,22,2,19.34
6106,1739,86,4,6.64
6107,1739,91,10,57.06
6108,1740,63,8,22.75
6109,1741,3,4,182.68
6110,1741,5,1,57.00
6111,1741,86,4,8.51
6112,1742,40,8,16.30
6113,1742,98,9,11.60
6114,1742,42,7,95.75
6115,1743,49,3,11.56
6116,1743,76,8,17.60
6117,1743,7,2,65.60
6118,1744,33,9,30.04
6119,1744,82,2,13.39
6120,1744,43,1,67.02
6121,1744,86,8,7.40
6122,1745,98,10,14.49
6123,1746,8,10,35.14
6124,1746,42,7,99.80
6125,1746,43,7,72.30
6126,1746,50,10,103.83
6127,1746,84,3,4.35
6128,1747,33,2,24.33
6129,1747,50,6,115.52
6130,1748,8,9,43.56
6131,1748,84,4,4.61
6132,1748,86,5,7.07
6133,1748,89,1,5.42
6134,1748,60,7,18.03
6135,1749,40,9,21.47
6136,1749,84,9,5.02
6137,1749,93,3,47.45
6138,1750,51,10,18.61
6139,1750,61,3,44.98
6140,1751,40,2,17.42
6141,1751,72,7,41.43
6142,1751,87,4,10.99
6143,1751,89,9,6.75
6144,1751,58,4,39.89
6145,1752,32,10,30.36
6146,1752,58,4,39.65
6147,1752,75,4,10.25
6148,1752,54,1,54.14
6149,1753,73,7,298.79
6150,1753,46,5,21.04
6151,1753,47,8,13.12
6152,1754,34,6,40.54
6153,1754,5,10,58.80
6154,1754,40,7,18.81
6155,1754,43,5,54.60
6156,1754,12,5,100.36
6157,1754,54,2,45.22
6158,1755,82,2,11.58
6159,1756,58,7,38.18
6160,1756,75,2,12.97
6161,1756,47,7,12.70
6162,1757,13,1,50.84
6163,1758,10,3,14.10
6164,1758,91,1,52.11
6165,1759,40,3,21.64
6166,1759,98,9,14.42
6167,1759,75,7,13.25
6168,1760,98,1,12.41
6169,1760,100,5,24.26
6170,1760,12,6,109.44
6171,1760,82,6,11.63
6172,1760,55,6,38.29
6173,1761,2,3,89.31
6174,1761,100,3,23.87
6175,1761,12,9,120.20
6176,1761,46,10,20.73
6177,1761,47,5,12.94
6178,1761,87,2,10.68
6179,1762,33,6,26.16
6180,1762,98,1,14.06
6181,1762,48,6,71.63
6182,1762,84,8,5.24
6183,1762,89,10,5.06
6184,1762,90,1,6.78
6185,1763,4,5,20.90
6186,1763,70,1,91.85
6187,1763,11,9,58.84
6188,1763,17,9,175.03
6189,1763,61,8,41.83
6190,1763,95,1,23.75
6191,1764,72,8,33.03
6192,1765,98,10,12.36
6193,1765,68,7,78.58
6194,1765,40,5,19.62
6195,1765,75,2,10.22
6196,1765,29,8,55.37
6197,1766,2,7,66.05
6198,1766,40,2,21.99
6199,1766,73,8,310.93
6200,1766,47,5,11.84
6201,1766,52,5,11.17
6202,1766,25,6,16.35
6203,1767,33,3,26.12
6204,1767,40,9,18.69
6205,1767,46,2,22.30
6206,1767,18,1,35.41
6207,1767,29,8,41.28
6208,1768,51,2,25.30
6209,1769,64,6,31.55
6210,1769,70,2,81.22
6211,1770,98,2,13.65
6212,1770,100,5,28.50
6213,1770,5,4,46.95
6214,1770,40,6,18.03
6215,1770,81,9,18.89
6216,1770,59,4,10.65
6217,1771,25,8,14.93
6218,1771,58,9,36.63
6219,1771,52,4,9.97
6220,1771,41,3,27.75
6221,1772,42,2,95.68
6222,1772,66,9,25.58
6223,1772,93,2,46.40
6224,1772,98,8,14.82
6225,1773,69,10,30.82
6226,1774,1,2,53.03
6227,1774,10,7,12.33
6228,1774,77,5,31.28
6229,1775,42,9,111.74
6230,1775,68,10,66.90
6231,1775,98,5,13.22
6232,1775,39,5,10.29
6233,1776,80,6,40.06
6234,1776,33,3,32.82
6235,1776,84,8,4.34
6236,1776,57,9,17.39
6237,1777,7,6,76.79
6238,1777,79,6,23.09
6239,1777,50,3,121.93
6240,1777,86,9,6.83
6241,1777,58,9,39.51
6242,1777,93,3,60.33
6243,1778,8,1,40.28
6244,1778,98,7,11.91
6245,1778,53,4,63.18
6246,1778,46,4,21.91
6247,1779,68,3,76.74
6248,1779,8,1,47.74
6249,1779,41,4,35.73
6250,1779,40,8,20.27
6251,1779,82,10,10.56
6252,1780,48,8,69.02
6253,1781,97,7,27.44
6254,1781,80,10,42.62
6255,1781,84,1,4.32
6256,1781,56,1,24.31
6257,1781,58,9,36.59
6258,1782,40,7,20.34
6259,1782,23,5,56.11
6260,1783,70,5,91.75
6261,1783,40,5,20.21
6262,1783,46,7,23.70
6263,1783,47,3,12.30
6264,1783,63,7,19.80
6265,1784,12,2,93.79
6266,1784,69,10,30.09
6267,1784,60,8,15.28
6268,1785,40,3,17.04
6269,1785,18,3,32.78
6270,1785,85,4,7.22
6271,1785,89,3,5.13
6272,1785,31,7,39.13
6273,1786,97,8,27.88
6274,1786,2,5,84.33
6275,1786,98,1,14.56
6276,1786,34,4,44.11
6277,1786,39,7,10.88
6278,1786,26,3,14.36
6279,1787,42,10,87.38
6280,1787,75,1,11.88
6281,1787,18,6,28.81
6282,1787,82,4,13.84
6283,1787,51,7,21.36
6284,1787,22,4,17.66
6285,1788,19,5,75.20
6286,1788,47,9,11.53
6287,1789,24,8,144.87
6288,1789,73,4,263.23
6289,1789,98,3,13.38
6290,1790,40,4,16.75
6291,1790,60,8,18.09
6292,1791,1,1,45.59
6293,1791,68,8,66.05
6294,1791,72,4,31.15
6295,1791,73,4,268.04
6296,1791,40,9,20.27
6297,1791,93,9,58.97
6298,1792,58,2,37.32
6299,1792,42,8,85.18
6300,1793,64,6,33.12
6301,1793,2,2,84.31
6302,1793,47,7,12.96
6303,1793,50,7,109.73
6304,1793,60,7,16.68
6305,1794,40,3,20.54
6306,1794,42,8,84.20
6307,1794,75,9,12.15
6308,1795,50,1,105.11
6309,1795,69,3,28.90
6310,1796,98,3,12.39
6311,1796,47,9,13.16
6312,1796,86,10,7.15
6313,1796,58,10,30.57
6314,1796,63,10,19.99
6315,1796,31,9,34.93
6316,1797,10,4,13.47
6317,1797,69,10,27.37
6318,1798,98,1,14.58
6319,1798,69,1,27.01
6320,1798,42,7,93.35
6321,1798,84,9,5.29
6322,1798,60,1,15.98
6323,1799,40,5,16.70
6324,1799,34,10,45.36
6325,1799,68,7,76.96
6326,1799,46,9,19.85
6327,1800,1,3,44.56
6328,1800,41,7,36.01
6329,1800,58,2,32.05
6330,1800,94,10,18.60
6331,1800,63,4,21.92
6332,1801,32,10,31.86
6333,1801,69,4,28.57
6334,1801,39,6,11.68
6335,1801,46,5,20.35
6336,1801,47,7,12.70
6337,1801,60,6,17.92
6338,1802,10,1,13.99
6339,1802,7,2,63.31
6340,1803,68,8,78.29
6341,1804,42,6,110.94
6342,1804,70,8,88.71
6343,1805,77,4,31.85
6344,1805,86,9,7.32
6345,1806,40,2,18.50
6346,1806,33,1,29.30
6347,1806,98,5,13.83
6348,1806,47,7,13.25
6349,1807,33,3,31.81
6350,1807,82,5,12.15
6351,1807,77,8,40.32
6352,1807,79,9,27.31
6353,1808,65,2,23.75
6354,1808,40,7,19.07
6355,1808,41,10,35.38
6356,1808,51,10,23.25
6357,1808,31,2,31.92
6358,1809,40,9,20.00
6359,1809,98,5,11.73
6360,1809,75,8,11.00
6361,1809,68,5,80.09
6362,1810,40,4,20.93
6363,1810,97,9,26.10
6364,1810,60,6,18.46
6365,1810,47,10,11.53
6366,1811,68,6,70.30
6367,1812,58,5,35.15
6368,1813,98,5,12.44
6369,1813,12,10,100.24
6370,1813,48,9,69.19
6371,1813,82,4,11.78
6372,1813,55,7,34.54
6373,1813,58,6,31.93
6374,1814,22,10,14.66
6375,1815,98,5,15.22
6376,1815,69,4,33.26
6377,1815,40,9,18.30
6378,1815,84,6,4.59
6379,1815,25,2,13.82
6380,1815,60,2,14.84
6381,1816,1,5,44.94
6382,1816,34,5,40.05
6383,1816,4,1,22.31
6384,1816,40,10,21.61
6385,1816,49,4,11.73
6386,1816,58,5,35.54
6387,1817,40,2,20.62
6388,1817,97,3,25.17
6389,1817,18,6,30.03
6390,1817,47,4,11.17
6391,1818,98,2,13.41
6392,1818,70,1,86.17
6393,1818,73,5,254.10
6394,1818,46,9,19.00
6395,1818,58,4,36.95
6396,1818,60,3,15.00
6397,1819,34,1,38.68
6398,1819,12,1,113.90
6399,1819,76,6,16.49
6400,1819,45,8,23.19
6401,1819,46,9,19.48
6402,1820,16,1,40.73
6403,1821,29,6,44.95
6404,1822,97,2,29.15
6405,1822,58,10,36.90
6406,1822,12,10,107.32
6407,1822,42,7,84.81
6408,1823,69,10,32.93
6409,1823,40,10,17.48
6410,1823,42,8,93.83
6411,1823,84,7,4.11
6412,1823,91,8,58.83
6413,1823,60,1,14.27
6414,1824,32,9,30.02
6415,1824,2,6,88.12
6416,1824,98,2,11.35
6417,1824,40,2,19.77
6418,1824,60,10,14.67
6419,1825,33,5,30.94
6420,1825,21,3,102.65
6421,1826,90,5,8.36
6422,1826,5,1,44.76
6423,1827,69,8,34.82
6424,1827,53,9,66.01
6425,1828,40,3,16.78
6426,1828,42,3,108.87
6427,1828,48,4,67.23
6428,1828,23,7,63.66
6429,1828,58,6,36.83
6430,1829,47,2,13.01
6431,1830,16,2,31.21
6432,1830,58,2,36.27
6433,1831,75,4,11.94
6434,1831,79,3,22.72
6435,1831,84,10,4.47
6436,1831,89,9,6.66
6437,1831,90,10,8.14
6438,1831,63,3,21.68
6439,1832,47,2,11.61
6440,1833,40,9,20.12
6441,1833,86,2,8.36
6442,1833,47,10,14.48
6443,1834,6,3,94.97
6444,1834,40,3,16.67
6445,1834,42,4,104.28
6446,1834,16,1,39.77
6447,1834,83,7,2.48
6448,1834,89,2,6.49
6449,1835,38,2,35.13
6450,1835,82,8,13.25
6451,1835,84,5,5.34
6452,1835,85,9,6.38
6453,1835,86,5,8.70
6454,1835,93,6,51.30
6455,1836,40,10,18.58
6456,1836,90,6,7.93
6457,1836,3,9,219.73
6458,1837,46,8,19.07
6459,1838,40,9,20.28
6460,1838,58,6,40.48
6461,1838,47,1,13.35
6462,1839,40,5,20.12
6463,1839,68,8,75.62
6464,1839,62,8,45.23
6465,1839,39,3,12.95
6466,1840,65,7,19.45
6467,1840,69,10,33.05
6468,1840,87,10,8.77
6469,1841,98,8,15.37
6470,1841,12,7,93.08
6471,1841,31,5,31.09
6472,1842,40,3,20.29
6473,1842,75,8,11.94
6474,1842,19,2,94.50
6475,1842,84,7,4.16
6476,1842,94,9,18.98
6477,1842,95,1,20.92
6478,1843,40,7,17.77
6479,1843,58,10,40.05
6480,1844,100,8,29.69
6481,1844,5,5,57.66
6482,1844,69,2,26.21
6483,1844,42,8,108.62
6484,1844,43,4,73.07
6485,1844,53,3,57.47
6486,1845,32,7,29.89
6487,1845,29,1,53.10
6488,1845,22,9,17.23
6489,1846,40,6,21.27
6490,1846,8,1,45.09
6491,1846,42,4,100.36
6492,1846,41,2,30.63
6493,1846,29,2,43.34
6494,1847,97,3,23.58
6495,1847,2,3,71.72
6496,1847,40,2,20.53
6497,1847,86,2,6.63
6498,1847,62,10,44.64
6499,1848,97,5,22.59
6500,1848,34,2,46.40
6501,1848,93,1,48.91
6502,1849,98,8,12.11
6503,1849,34,8,45.98
6504,1849,73,9,305.62
6505,1849,84,5,4.21
6506,1849,53,3,56.60
6507,1850,98,9,13.09
6508,1851,33,10,29.68
6509,1851,34,9,45.84
6510,1852,55,1,36.17
6511,1853,98,7,14.47
6512,1853,40,6,21.04
6513,1853,50,8,102.62
6514,1853,84,5,4.66
6515,1853,22,6,18.61
6516,1853,59,7,13.11
6517,1854,40,9,19.30
6518,1854,84,8,4.20
6519,1855,40,9,19.32
6520,1855,9,9,45.15
6521,1855,82,1,10.62
6522,1855,18,5,38.56
6523,1855,51,4,20.92
6524,1855,22,9,17.41
6525,1856,56,5,20.53
6526,1856,52,8,11.10
6527,1857,42,6,96.37
6528,1857,18,9,35.62
6529,1857,58,3,35.19
6530,1857,5,8,45.00
6531,1858,33,7,30.53
6532,1858,70,10,84.01
6533,1858,86,6,7.09
6534,1859,68,5,82.99
6535,1859,4,5,25.31
6536,1859,75,2,10.52
6537,1859,18,7,28.32
6538,1859,19,5,71.66
6539,1859,87,10,9.63
6540,1860,33,10,29.43
6541,1860,98,2,14.88
6542,1860,40,6,21.04
6543,1860,42,4,88.19
6544,1860,75,10,12.95
6545,1861,25,1,13.08
6546,1861,3,5,214.56
6547,1861,63,5,18.51
6548,1861,47,8,13.46
6549,1862,40,7,19.47
6550,1862,81,9,18.08
6551,1862,58,2,36.06
6552,1863,56,2,27.26
6553,1863,98,10,12.83
6554,1863,75,10,10.28
6555,1863,6,8,102.86
6556,1864,33,1,29.33
6557,1864,98,4,15.31
6558,1864,18,3,30.42
6559,1864,95,4,19.34
6560,1865,33,5,25.13
6561,1865,98,9,14.38
6562,1865,40,7,17.46
6563,1865,47,5,13.28
6564,1865,58,8,35.34
6565,1866,1,6,48.09
6566,1866,2,1,75.67
6567,1866,45,8,22.43
6568,1867,89,3,5.31
6569,1867,98,9,14.61
6570,1867,58,10,31.58
6571,1867,21,4,110.64
6572,1868,98,7,13.14
6573,1868,40,4,17.72
6574,1868,46,4,22.25
6575,1868,25,5,17.09
6576,1868,58,6,38.30
6577,1869,68,7,76.54
6578,1869,5,5,44.62
6579,1869,45,4,21.56
6580,1869,86,4,6.85
6581,1869,59,5,10.83
6582,1869,60,6,14.94
6583,1870,40,5,19.29
6584,1870,17,7,193.78
6585,1870,86,3,7.49
6586,1870,58,3,41.07
6587,1870,91,7,47.33
6588,1871,2,7,71.31
6589,1871,34,9,37.88
6590,1871,12,7,91.62
6591,1871,79,10,26.94
6592,1871,82,6,11.90
6593,1871,58,9,38.49
6594,1872,38,7,27.48
6595,1872,39,7,10.36
6596,1872,10,8,13.31
6597,1872,75,7,10.37
6598,1872,60,9,16.27
6599,1872,31,8,35.20
6600,1873,41,5,27.99
6601,1873,58,5,31.15
6602,1873,59,2,13.60
6603,1874,3,5,201.86
6604,1874,100,8,24.10
6605,1874,40,4,21.31
6606,1874,84,10,4.28
6607,1874,58,8,30.29
6608,1875,89,2,5.44
6609,1875,17,9,159.41
6610,1875,10,5,16.10
6611,1875,4,4,21.59
6612,1876,24,10,166.38
6613,1876,98,1,11.33
6614,1876,10,9,15.64
6615,1876,55,2,39.42
6616,1877,50,5,110.89
6617,1877,84,10,5.24
6618,1877,38,2,32.10
6619,1877,95,8,20.54
6620,1878,58,10,34.46
6621,1878,98,7,15.25
6622,1879,42,2,101.87
6623,1879,5,3,44.82
6624,1879,68,8,78.88
6625,1879,29,5,43.23
6626,1880,69,7,30.70
6627,1880,7,8,75.27
6628,1881,97,8,26.75
6629,1881,94,6,17.22
6630,1882,97,8,27.96
6631,1882,31,2,34.91
6632,1882,47,6,11.47
6633,1883,98,4,14.14
6634,1883,12,3,109.22
6635,1883,69,7,32.83
6636,1884,86,9,8.07
6637,1885,58,2,36.36
6638,1885,67,9,51.08
6639,1885,46,10,20.51
6640,1886,32,10,37.43
6641,1886,40,4,17.91
6642,1886,42,4,110.20
6643,1886,98,7,15.48
6644,1887,40,8,17.35
6645,1887,25,8,14.88
6646,1887,54,6,56.27
6647,1888,40,5,18.47
6648,1888,43,5,70.39
6649,1888,48,2,72.23
6650,1888,82,4,11.90
6651,1888,90,8,6.97
6652,1889,89,1,5.26
6653,1889,68,4,79.17
6654,1889,76,3,18.10
6655,1890,68,10,81.56
6656,1890,40,1,17.70
6657,1890,43,6,58.63
6658,1890,86,1,7.31
6659,1890,58,8,38.88
6660,1891,33,4,27.70
6661,1891,2,10,70.35
6662,1891,34,7,36.18
6663,1891,42,5,99.59
6664,1891,79,9,28.92
6665,1892,73,1,276.07
6666,1893,33,7,24.08
6667,1893,98,5,12.20
6668,1893,11,6,70.95
6669,1893,90,3,6.56
6670,1894,65,4,20.40
6671,1894,41,7,36.36
6672,1894,34,7,40.67
6673,1894,58,7,33.16
6674,1895,82,4,14.08
6675,1895,98,10,14.76
6676,1895,38,5,32.58
6677,1895,87,10,8.85
6678,1896,75,5,12.48
6679,1896,84,2,5.21
6680,1897,91,8,45.68
6681,1898,16,7,34.43
6682,1898,90,9,7.03
6683,1898,85,8,6.91
6684,1898,5,8,51.94
6685,1899,57,1,16.88
6686,1899,100,5,26.20
6687,1900,40,8,18.38
6688,1900,33,4,28.83
6689,1900,89,1,6.62
6690,1901,72,3,35.79
6691,1901,84,1,5.12
6692,1901,69,9,32.80
6693,1902,40,9,21.26
6694,1902,8,2,43.88
6695,1902,82,10,14.23
6696,1902,11,7,57.67
6697,1903,89,3,6.09
6698,1904,38,10,32.37
6699,1904,54,5,53.95
6700,1905,97,6,25.33
6701,1905,33,9,32.34
6702,1905,98,1,14.57
6703,1905,13,2,52.55
6704,1905,81,7,18.80
6705,1905,55,6,38.26
6706,1906,93,5,57.83
6707,1907,54,9,61.48
6708,1908,83,9,2.31
6709,1908,70,9,88.58
6710,1909,34,6,41.32
6711,1909,85,7,7.38
6712,1910,72,5,34.41
6713,1910,2,8,81.04
6714,1910,68,1,65.60
6715,1911,2,7,85.28
6716,1911,49,5,11.73
6717,1911,18,2,30.75
6718,1911,55,9,33.72
6719,1911,89,10,5.63
6720,1912,98,6,14.07
6721,1912,100,10,31.02
6722,1912,86,4,7.15
6723,1912,58,1,41.40
6724,1912,93,6,51.90
6725,1913,40,1,19.92
6726,1913,1,6,43.60
6727,1913,76,1,16.45
6728,1913,47,10,14.70
6729,1914,3,4,223.69
6730,1914,68,7,69.59
6731,1914,45,1,20.28
6732,1914,61,1,51.89
6733,1914,31,10,34.62
6734,1915,85,1,6.94
6735,1916,33,2,25.54
6736,1916,70,10,73.33
6737,1917,33,5,24.10
6738,1917,58,2,31.59
6739,1917,97,9,27.11
6740,1918,73,7,315.11
6741,1918,82,3,14.20
6742,1919,40,1,21.43
6743,1920,34,4,43.81
6744,1920,98,6,15.15
6745,1920,40,8,18.82
6746,1920,58,4,36.93
6747,1920,95,9,22.21
6748,1921,34,3,35.71
6749,1921,70,4,82.20
6750,1921,40,3,20.76
6751,1921,42,5,94.59
6752,1921,86,10,8.73
6753,1921,22,2,16.34
6754,1922,40,9,19.33
6755,1922,42,2,101.44
6756,1922,46,6,20.46
6757,1922,51,4,22.70
6758,1922,89,9,5.12
6759,1923,60,10,17.66
6760,1924,40,6,18.48
6761,1924,55,5,29.22
6762,1924,87,5,10.13
6763,1925,81,7,16.04
6764,1925,19,1,88.10
6765,1925,87,6,9.25
6766,1925,56,7,20.69
6767,1925,93,6,54.13
6768,1926,98,6,12.84
6769,1926,84,2,4.74
6770,1926,61,9,50.19
6771,1927,40,8,19.93
6772,1927,47,10,12.11
6773,1927,48,6,70.27
6774,1927,19,2,76.94
6775,1927,86,9,6.93
6776,1927,23,5,55.32
6777,1928,5,6,55.83
6778,1928,51,10,24.79
6779,1928,53,9,76.18
6780,1928,86,10,8.68
6781,1928,54,7,56.78
6782,1928,60,5,16.27
6783,1929,47,8,13.71
6784,1929,16,6,32.01
6785,1929,84,4,4.53
6786,1929,87,1,9.59
6787,1929,58,8,40.66
6788,1929,31,5,34.51
6789,1930,97,8,29.73
6790,1930,3,8,176.91
6791,1930,40,4,18.54
6792,1930,80,5,43.29
6793,1930,84,2,5.20
6794,1931,65,6,19.42
6795,1931,98,4,12.70
6796,1931,7,6,80.46
6797,1931,40,6,18.29
6798,1931,54,6,60.16
6799,1931,86,3,8.91
6800,1932,47,4,13.29
6801,1933,42,7,101.34
6802,1933,98,1,13.03
6803,1934,40,1,19.65
6804,1934,82,1,12.50
6805,1934,85,2,6.98
6806,1934,86,6,7.79
6807,1934,62,8,44.99
6808,1935,64,1,30.78
6809,1935,34,10,44.71
6810,1935,40,4,20.26
6811,1935,24,7,160.81
6812,1935,60,10,14.06
6813,1936,98,9,12.84
6814,1936,3,2,180.02
6815,1936,68,6,63.49
6816,1936,11,3,71.00
6817,1936,58,7,30.64
6818,1937,62,4,42.06
6819,1937,6,10,118.79
6820,1937,30,8,29.04
6821,1938,68,9,75.99
6822,1938,5,2,46.88
6823,1938,58,10,36.47
6824,1938,93,5,47.75
6825,1938,95,8,20.13
6826,1939,38,3,35.18
6827,1939,12,9,112.99
6828,1939,47,9,11.95
6829,1939,82,3,13.28
6830,1939,84,7,4.42
6831,1940,40,9,18.94
6832,1940,3,3,179.84
6833,1940,46,10,23.36
6834,1940,79,7,27.68
6835,1941,84,2,4.47
6836,1941,47,9,13.81
6837,1942,40,9,18.02
6838,1942,89,2,5.85
6839,1942,59,5,11.03
6840,1942,47,10,12.57
6841,1943,98,4,14.25
6842,1943,59,6,10.24
6843,1944,45,5,19.23
6844,1944,68,3,61.59
6845,1944,85,10,7.77
6846,1945,87,7,11.49
6847,1946,42,9,101.63
6848,1946,84,2,4.08
6849,1946,60,9,17.31
6850,1947,60,4,17.99
6851,1947,86,3,8.27
6852,1948,42,8,82.88
6853,1948,29,8,43.63
6854,1948,54,5,57.10
6855,1949,98,2,14.14
6856,1950,56,9,22.79
6857,1950,54,8,61.45
6858,1951,98,6,14.66
6859,1951,36,8,15.46
6860,1951,40,6,20.15
6861,1951,42,8,106.45
6862,1951,84,9,4.73
6863,1952,1,7,53.36
6864,1952,40,5,17.72
6865,1952,43,5,72.84
6866,1952,18,7,30.43
6867,1952,87,3,11.41
6868,1952,93,6,52.00
6869,1953,16,3,39.85
6870,1953,98,5,11.46
6871,1953,40,9,17.05
6872,1953,93,5,51.40
6873,1954,89,10,5.17
6874,1954,19,9,71.95
6875,1954,76,1,17.54
6876,1954,38,7,34.42
6877,1955,40,6,21.29
6878,1955,65,2,17.89
6879,1955,34,4,42.73
6880,1956,75,8,11.55
6881,1956,86,7,8.85
6882,1957,100,4,23.68
6883,1957,76,1,18.71
6884,1957,84,9,4.58
6885,1957,54,2,55.56
6886,1957,60,8,17.70
6887,1957,30,6,25.38
6888,1958,18,8,30.98
6889,1958,10,5,15.80
6890,1959,3,3,197.38
6891,1959,46,10,20.56
6892,1959,86,2,7.68
6893,1959,87,4,11.05
6894,1959,63,9,19.09
6895,1960,98,8,11.31
6896,1960,5,6,52.00
6897,1961,33,1,27.93
6898,1962,98,6,13.21
6899,1962,16,4,39.89
6900,1962,82,2,13.77
6901,1962,58,8,33.34
6902,1962,95,3,19.83
6903,1963,40,3,16.64
6904,1964,40,1,18.26
6905,1964,84,4,4.25
6906,1964,29,7,46.58
6907,1964,47,6,14.98
6908,1965,3,1,226.74
6909,1965,38,7,33.13
6910,1965,40,8,19.94
6911,1965,46,3,23.26
6912,1965,83,6,2.43
6913,1966,2,6,87.68
6914,1967,97,2,24.30
6915,1967,98,3,14.55
6916,1967,5,9,45.46
6917,1967,87,7,8.79
6918,1967,58,10,35.27
6919,1967,60,3,14.93
6920,1968,42,4,98.79
6921,1968,84,4,5.12
6922,1969,65,9,20.00
6923,1970,80,7,44.11
6924,1970,74,1,9.12
6925,1970,98,10,15.07
6926,1971,89,3,5.44
6927,1971,75,7,10.71
6928,1971,30,7,31.38
6929,1972,98,2,12.57
6930,1972,3,5,187.95
6931,1972,40,1,19.43
6932,1972,77,2,38.69
6933,1972,16,4,31.23
6934,1972,58,7,32.30
6935,1973,34,1,44.52
6936,1973,77,6,33.49
6937,1973,46,4,22.94
6938,1974,74,7,8.97
6939,1974,60,5,17.88
6940,1974,58,8,32.78
6941,1974,6,3,95.04
6942,1975,84,5,4.00
6943,1976,8,9,43.12
6944,1976,73,4,334.40
6945,1976,40,10,21.36
6946,1976,86,2,8.46
6947,1977,42,10,95.12
6948,1977,67,1,58.82
6949,1977,58,2,34.15
6950,1977,87,4,10.07
6951,1978,34,10,39.32
6952,1978,7,7,64.02
6953,1978,40,9,19.81
6954,1978,9,2,37.66
6955,1978,83,4,2.45
6956,1978,84,7,5.47
6957,1979,3,5,218.98
6958,1979,67,6,51.23
6959,1979,61,5,47.98
6960,1980,40,6,17.36
6961,1980,98,8,13.26
6962,1980,86,7,8.73
6963,1981,40,9,16.21
6964,1981,1,6,55.42
6965,1981,29,3,46.94
6966,1982,16,7,32.14
6967,1982,24,2,157.05
6968,1982,3,7,175.26
6969,1982,68,1,73.14
6970,1983,1,10,51.81
6971,1983,100,10,24.94
6972,1983,47,9,11.01
6973,1983,18,8,28.87
6974,1983,84,4,4.06
6975,1983,93,8,60.75
6976,1984,98,8,13.50
6977,1984,3,8,219.40
6978,1984,68,2,79.41
6979,1984,46,10,20.06
6980,1984,84,7,4.68
6981,1984,25,2,15.42
6982,1985,58,10,34.97
6983,1986,40,10,18.06
6984,1986,32,10,32.13
6985,1986,3,10,210.76
6986,1986,54,3,58.97
6987,1987,40,2,21.07
6988,1988,42,10,109.55
6989,1988,34,8,46.73
6990,1989,80,1,37.63
6991,1989,84,2,4.73
6992,1989,62,5,38.87
6993,1990,67,5,68.26
6994,1990,80,10,39.47
6995,1990,54,10,49.18
6996,1990,56,6,27.61
6997,1990,58,5,37.54
6998,1990,30,4,27.00
6999,1991,42,6,85.07
7000,1991,51,1,19.58
7001,1991,60,10,18.25
7002,1992,8,10,38.29
7003,1992,42,7,85.03
7004,1993,16,6,32.83
7005,1993,12,1,96.40
7006,1993,46,2,19.62
7007,1993,60,9,15.15
7008,1994,57,8,16.28
7009,1994,58,4,34.37
7010,1994,67,6,56.64
7011,1994,5,3,47.02
7012,1995,19,9,87.15
7013,1996,17,10,163.07
7014,1996,58,6,32.37
7015,1996,38,4,27.65
7016,1996,55,3,35.27
7017,1997,33,8,28.04
7018,1997,19,6,82.85
7019,1998,84,5,4.83
7020,1999,68,8,83.56
7021,1999,40,10,20.52
7022,1999,42,5,83.68
7023,1999,77,3,32.23
7024,1999,82,4,13.16
7025,1999,87,6,9.46
7026,2000,40,2,20.35
7027,2000,55,8,36.57
